-- Generated by Craft v2.6.2997 on 21/11/2017, 8:36:27 PM.

--
-- Disable foreign key checks and autocommit.
--

SET FOREIGN_KEY_CHECKS = 0;
SET SQL_MODE = "NO_AUTO_VALUE_ON_ZERO";
SET AUTOCOMMIT = 0;
SET NAMES utf8;


DROP TABLE IF EXISTS `craft_assetfiles`;


--
-- Schema for table `craft_assetfiles`
--
CREATE TABLE `craft_assetfiles` (
  `id` int(11) NOT NULL,
  `sourceId` int(11) DEFAULT NULL,
  `folderId` int(11) NOT NULL,
  `filename` varchar(255) COLLATE utf8_unicode_ci NOT NULL,
  `kind` varchar(50) COLLATE utf8_unicode_ci NOT NULL DEFAULT 'unknown',
  `width` int(11) unsigned DEFAULT NULL,
  `height` int(11) unsigned DEFAULT NULL,
  `size` bigint(20) unsigned DEFAULT NULL,
  `dateModified` datetime DEFAULT NULL,
  `dateCreated` datetime NOT NULL,
  `dateUpdated` datetime NOT NULL,
  `uid` char(36) COLLATE utf8_unicode_ci NOT NULL DEFAULT '0',
  PRIMARY KEY (`id`),
  UNIQUE KEY `craft_assetfiles_filename_folderId_unq_idx` (`filename`,`folderId`),
  KEY `craft_assetfiles_sourceId_fk` (`sourceId`),
  KEY `craft_assetfiles_folderId_fk` (`folderId`)
) ENGINE=InnoDB DEFAULT CHARSET=utf8 COLLATE=utf8_unicode_ci;

DROP TABLE IF EXISTS `craft_assetfolders`;


--
-- Schema for table `craft_assetfolders`
--
CREATE TABLE `craft_assetfolders` (
  `id` int(11) NOT NULL AUTO_INCREMENT,
  `parentId` int(11) DEFAULT NULL,
  `sourceId` int(11) DEFAULT NULL,
  `name` varchar(255) COLLATE utf8_unicode_ci NOT NULL,
  `path` varchar(255) COLLATE utf8_unicode_ci DEFAULT NULL,
  `dateCreated` datetime NOT NULL,
  `dateUpdated` datetime NOT NULL,
  `uid` char(36) COLLATE utf8_unicode_ci NOT NULL DEFAULT '0',
  PRIMARY KEY (`id`),
  UNIQUE KEY `craft_assetfolders_name_parentId_sourceId_unq_idx` (`name`,`parentId`,`sourceId`),
  KEY `craft_assetfolders_parentId_fk` (`parentId`),
  KEY `craft_assetfolders_sourceId_fk` (`sourceId`)
) ENGINE=InnoDB AUTO_INCREMENT=2 DEFAULT CHARSET=utf8 COLLATE=utf8_unicode_ci;

--
-- Data for table `craft_assetfolders`
--

INSERT INTO `craft_assetfolders` (`id`, `parentId`, `sourceId`, `name`, `path`, `dateCreated`, `dateUpdated`, `uid`) VALUES
 ('1', NULL, '1', 'Uploads', '', '2017-11-21 17:01:47', '2017-11-21 17:01:47', 'b6287aeb-4a43-4af7-aa06-ac07d34264d5');



DROP TABLE IF EXISTS `craft_assetindexdata`;


--
-- Schema for table `craft_assetindexdata`
--
CREATE TABLE `craft_assetindexdata` (
  `id` int(11) NOT NULL AUTO_INCREMENT,
  `sessionId` varchar(36) COLLATE utf8_unicode_ci NOT NULL DEFAULT '',
  `sourceId` int(10) NOT NULL,
  `offset` int(10) NOT NULL,
  `uri` varchar(255) COLLATE utf8_unicode_ci DEFAULT NULL,
  `size` varchar(255) COLLATE utf8_unicode_ci DEFAULT NULL,
  `recordId` int(10) DEFAULT NULL,
  `dateCreated` datetime NOT NULL,
  `dateUpdated` datetime NOT NULL,
  `uid` char(36) COLLATE utf8_unicode_ci NOT NULL DEFAULT '0',
  PRIMARY KEY (`id`),
  UNIQUE KEY `craft_assetindexdata_sessionId_sourceId_offset_unq_idx` (`sessionId`,`sourceId`,`offset`),
  KEY `craft_assetindexdata_sourceId_fk` (`sourceId`)
) ENGINE=InnoDB DEFAULT CHARSET=utf8 COLLATE=utf8_unicode_ci;

DROP TABLE IF EXISTS `craft_assetsources`;


--
-- Schema for table `craft_assetsources`
--
CREATE TABLE `craft_assetsources` (
  `id` int(11) NOT NULL AUTO_INCREMENT,
  `name` varchar(255) COLLATE utf8_unicode_ci NOT NULL,
  `handle` varchar(255) COLLATE utf8_unicode_ci NOT NULL,
  `type` varchar(150) COLLATE utf8_unicode_ci NOT NULL,
  `settings` text COLLATE utf8_unicode_ci,
  `sortOrder` smallint(6) unsigned DEFAULT NULL,
  `fieldLayoutId` int(10) DEFAULT NULL,
  `dateCreated` datetime NOT NULL,
  `dateUpdated` datetime NOT NULL,
  `uid` char(36) COLLATE utf8_unicode_ci NOT NULL DEFAULT '0',
  PRIMARY KEY (`id`),
  UNIQUE KEY `craft_assetsources_name_unq_idx` (`name`),
  UNIQUE KEY `craft_assetsources_handle_unq_idx` (`handle`),
  KEY `craft_assetsources_fieldLayoutId_fk` (`fieldLayoutId`)
) ENGINE=InnoDB AUTO_INCREMENT=2 DEFAULT CHARSET=utf8 COLLATE=utf8_unicode_ci;

--
-- Data for table `craft_assetsources`
--

INSERT INTO `craft_assetsources` (`id`, `name`, `handle`, `type`, `settings`, `sortOrder`, `fieldLayoutId`, `dateCreated`, `dateUpdated`, `uid`) VALUES
 ('1', 'Uploads', 'uploads', 'Local', '{\"path\":\"assets\\/uploads\\/\",\"publicURLs\":\"1\",\"url\":\"\\/assets\\/uploads\\/\"}', '1', '17', '2017-11-21 17:01:47', '2017-11-21 17:56:42', 'a8018083-fcf7-4060-a534-46d7f9639a07');



DROP TABLE IF EXISTS `craft_assettransformindex`;


--
-- Schema for table `craft_assettransformindex`
--
CREATE TABLE `craft_assettransformindex` (
  `id` int(11) NOT NULL AUTO_INCREMENT,
  `fileId` int(11) NOT NULL,
  `filename` varchar(255) COLLATE utf8_unicode_ci DEFAULT NULL,
  `format` varchar(255) COLLATE utf8_unicode_ci DEFAULT NULL,
  `location` varchar(255) COLLATE utf8_unicode_ci NOT NULL,
  `sourceId` int(11) DEFAULT NULL,
  `fileExists` tinyint(1) DEFAULT NULL,
  `inProgress` tinyint(1) DEFAULT NULL,
  `dateIndexed` datetime DEFAULT NULL,
  `dateCreated` datetime NOT NULL,
  `dateUpdated` datetime NOT NULL,
  `uid` char(36) COLLATE utf8_unicode_ci NOT NULL DEFAULT '0',
  PRIMARY KEY (`id`),
  KEY `craft_assettransformindex_sourceId_fileId_location_idx` (`sourceId`,`fileId`,`location`)
) ENGINE=InnoDB DEFAULT CHARSET=utf8 COLLATE=utf8_unicode_ci;

DROP TABLE IF EXISTS `craft_assettransforms`;


--
-- Schema for table `craft_assettransforms`
--
CREATE TABLE `craft_assettransforms` (
  `id` int(11) NOT NULL AUTO_INCREMENT,
  `name` varchar(255) COLLATE utf8_unicode_ci NOT NULL,
  `handle` varchar(255) COLLATE utf8_unicode_ci NOT NULL,
  `mode` enum('stretch','fit','crop') COLLATE utf8_unicode_ci NOT NULL DEFAULT 'crop',
  `position` enum('top-left','top-center','top-right','center-left','center-center','center-right','bottom-left','bottom-center','bottom-right') COLLATE utf8_unicode_ci NOT NULL DEFAULT 'center-center',
  `height` int(10) DEFAULT NULL,
  `width` int(10) DEFAULT NULL,
  `format` varchar(255) COLLATE utf8_unicode_ci DEFAULT NULL,
  `quality` int(10) DEFAULT NULL,
  `dimensionChangeTime` datetime DEFAULT NULL,
  `dateCreated` datetime NOT NULL,
  `dateUpdated` datetime NOT NULL,
  `uid` char(36) COLLATE utf8_unicode_ci NOT NULL DEFAULT '0',
  PRIMARY KEY (`id`),
  UNIQUE KEY `craft_assettransforms_name_unq_idx` (`name`),
  UNIQUE KEY `craft_assettransforms_handle_unq_idx` (`handle`)
) ENGINE=InnoDB AUTO_INCREMENT=2 DEFAULT CHARSET=utf8 COLLATE=utf8_unicode_ci;

--
-- Data for table `craft_assettransforms`
--

INSERT INTO `craft_assettransforms` (`id`, `name`, `handle`, `mode`, `position`, `height`, `width`, `format`, `quality`, `dimensionChangeTime`, `dateCreated`, `dateUpdated`, `uid`) VALUES
 ('1', 'Social', 'social', 'crop', 'center-center', '630', '1200', NULL, NULL, '2017-11-21 17:57:38', '2017-11-21 17:57:38', '2017-11-21 17:57:38', '8bb093eb-43ca-47d9-930b-e23e6596fd56');



DROP TABLE IF EXISTS `craft_categories`;


--
-- Schema for table `craft_categories`
--
CREATE TABLE `craft_categories` (
  `id` int(11) NOT NULL,
  `groupId` int(11) NOT NULL,
  `dateCreated` datetime NOT NULL,
  `dateUpdated` datetime NOT NULL,
  `uid` char(36) COLLATE utf8_unicode_ci NOT NULL DEFAULT '0',
  PRIMARY KEY (`id`),
  KEY `craft_categories_groupId_fk` (`groupId`)
) ENGINE=InnoDB DEFAULT CHARSET=utf8 COLLATE=utf8_unicode_ci;

DROP TABLE IF EXISTS `craft_categorygroups`;


--
-- Schema for table `craft_categorygroups`
--
CREATE TABLE `craft_categorygroups` (
  `id` int(11) NOT NULL AUTO_INCREMENT,
  `structureId` int(11) NOT NULL,
  `fieldLayoutId` int(11) DEFAULT NULL,
  `name` varchar(255) COLLATE utf8_unicode_ci NOT NULL,
  `handle` varchar(255) COLLATE utf8_unicode_ci NOT NULL,
  `hasUrls` tinyint(1) unsigned NOT NULL DEFAULT '1',
  `template` varchar(500) COLLATE utf8_unicode_ci DEFAULT NULL,
  `dateCreated` datetime NOT NULL,
  `dateUpdated` datetime NOT NULL,
  `uid` char(36) COLLATE utf8_unicode_ci NOT NULL DEFAULT '0',
  PRIMARY KEY (`id`),
  UNIQUE KEY `craft_categorygroups_name_unq_idx` (`name`),
  UNIQUE KEY `craft_categorygroups_handle_unq_idx` (`handle`),
  KEY `craft_categorygroups_structureId_fk` (`structureId`),
  KEY `craft_categorygroups_fieldLayoutId_fk` (`fieldLayoutId`)
) ENGINE=InnoDB DEFAULT CHARSET=utf8 COLLATE=utf8_unicode_ci;

DROP TABLE IF EXISTS `craft_categorygroups_i18n`;


--
-- Schema for table `craft_categorygroups_i18n`
--
CREATE TABLE `craft_categorygroups_i18n` (
  `id` int(11) NOT NULL AUTO_INCREMENT,
  `groupId` int(11) NOT NULL,
  `locale` char(12) COLLATE utf8_unicode_ci NOT NULL,
  `urlFormat` text COLLATE utf8_unicode_ci,
  `nestedUrlFormat` text COLLATE utf8_unicode_ci,
  `dateCreated` datetime NOT NULL,
  `dateUpdated` datetime NOT NULL,
  `uid` char(36) COLLATE utf8_unicode_ci NOT NULL DEFAULT '0',
  PRIMARY KEY (`id`),
  UNIQUE KEY `craft_categorygroups_i18n_groupId_locale_unq_idx` (`groupId`,`locale`),
  KEY `craft_categorygroups_i18n_locale_fk` (`locale`)
) ENGINE=InnoDB DEFAULT CHARSET=utf8 COLLATE=utf8_unicode_ci;

DROP TABLE IF EXISTS `craft_content`;


--
-- Schema for table `craft_content`
--
CREATE TABLE `craft_content` (
  `id` int(11) NOT NULL AUTO_INCREMENT,
  `elementId` int(11) NOT NULL,
  `locale` char(12) COLLATE utf8_unicode_ci NOT NULL,
  `title` varchar(255) COLLATE utf8_unicode_ci DEFAULT NULL,
  `field_intro` text COLLATE utf8_unicode_ci,
  `field_email` text COLLATE utf8_unicode_ci,
  `field_address` text COLLATE utf8_unicode_ci,
  `field_paragraph` text COLLATE utf8_unicode_ci,
  `field_deskInformation` text COLLATE utf8_unicode_ci,
  `dateCreated` datetime NOT NULL,
  `dateUpdated` datetime NOT NULL,
  `uid` char(36) COLLATE utf8_unicode_ci NOT NULL DEFAULT '0',
  PRIMARY KEY (`id`),
  UNIQUE KEY `craft_content_elementId_locale_unq_idx` (`elementId`,`locale`),
  KEY `craft_content_title_idx` (`title`),
  KEY `craft_content_locale_fk` (`locale`)
) ENGINE=InnoDB AUTO_INCREMENT=7 DEFAULT CHARSET=utf8 COLLATE=utf8_unicode_ci;

--
-- Data for table `craft_content`
--

INSERT INTO `craft_content` (`id`, `elementId`, `locale`, `title`, `field_intro`, `field_email`, `field_address`, `field_paragraph`, `field_deskInformation`, `dateCreated`, `dateUpdated`, `uid`) VALUES
 ('1', '1', 'en_nz', NULL, NULL, NULL, NULL, NULL, NULL, '2017-11-18 04:20:21', '2017-11-19 08:37:43', '708f433b-0281-407f-95bd-b40da0f0e79b'),
 ('2', '2', 'en_nz', 'The Aviary', 'Located in Auckland and just a stone\'s throw away from Karangahape road, The Aviary has become a hotbed for creative success in New Zealand.\r\n\r\nThe collaborative nature of the way we like to work is echoed by the space itself. With high-vaulted ceilings, floods of natural light, and transparent barriers blurring the line between work and play. \r\n\r\nThe Aviary has hot desks available for hours, days, and fixed-term durations. See below for current desk space, pricing, and enquiry contacts.', NULL, NULL, NULL, 'Price per week for a single desk is NZ$165, ex. GST; day rate NZ$30 inc. GST.\r\n\r\nFor more information stop by the studio for a chat, or flick us an email:', '2017-11-18 04:20:23', '2017-11-21 19:45:48', '8b45e5f4-82b5-4576-9896-daa4609a1857'),
 ('3', '3', 'en_nz', NULL, NULL, 'contact@theaviary.co.nz', '3/1 Cross St, Newton, Auckland', NULL, NULL, '2017-11-19 08:28:37', '2017-11-19 08:29:03', 'cd942d0c-ca17-49a5-a0ed-42e405636c10'),
 ('4', '4', 'en_nz', 'Welcome to The Aviary', NULL, NULL, NULL, '<p>Lorem ipsum dolor sit amet, consectetur adipiscing elit. Aliquam eu luctus dolor. Vivamus ut sem metus. Sed dignissim leo sit amet magna dignissim, non suscipit purus blandit. Praesent imperdiet lacus ut tempus faucibus. Maecenas scelerisque nec tellus in ultrices. </p>\n<p>Aenean nec sem sed metus commodo sodales. Pellentesque gravida pharetra nisi sed maximus. Praesent sodales neque sed est tempus ornare. Nulla eget lorem ut nulla tempus aliquet finibus vehicula justo. Pellentesque auctor, diam iaculis aliquam vestibulum, orci lacus pretium arcu, non euismod nibh magna eget sapien. Nullam aliquam cursus nisl, sit amet dignissim nulla porttitor et. Etiam feugiat elementum diam, ac pellentesque nisi. Curabitur tincidunt in metus eu fermentum. Donec consectetur diam in sollicitudin luctus. Mauris sagittis nisl ac ligula fringilla rutrum. Phasellus bibendum ut justo eu ullamcorper.\n</p>\n<p>Phasellus semper diam at dolor posuere accumsan. In gravida nisl at tristique dignissim. Proin porta convallis libero. Cras id diam rutrum, fringilla sem nec, venenatis elit. Sed odio nunc, volutpat eu libero et, gravida mollis velit. Maecenas commodo, erat ac gravida laoreet, eros est congue velit, vestibulum scelerisque enim sem sed lacus. Curabitur sed quam non sapien tempor faucibus. Vestibulum quis sem elit.</p>', NULL, '2017-11-20 18:32:51', '2017-11-20 18:32:51', '03bc8c4f-a04b-4076-90a4-b8f6f86d4b48'),
 ('5', '5', 'en_nz', 'Into the Under World', NULL, NULL, NULL, '<p>Aenean nec sem sed metus commodo sodales. Pellentesque gravida pharetra nisi sed maximus. Praesent sodales neque sed est tempus ornare. Nulla eget lorem ut nulla tempus aliquet finibus vehicula justo.</p>\n<p>Pellentesque auctor, diam iaculis aliquam vestibulum, orci lacus pretium arcu, non euismod nibh magna eget sapien. Nullam aliquam cursus nisl, sit amet dignissim nulla porttitor et. Etiam feugiat elementum diam, ac pellentesque nisi. Curabitur tincidunt in metus eu fermentum. Donec consectetur diam in sollicitudin luctus. Mauris sagittis nisl ac ligula fringilla rutrum. Phasellus bibendum ut justo eu ullamcorper.</p>\n<p>Phasellus semper diam at dolor posuere accumsan. In gravida nisl at tristique dignissim. Proin porta convallis libero. Cras id diam rutrum, fringilla sem nec, venenatis elit. Sed odio nunc, volutpat eu libero et, gravida mollis velit. Maecenas commodo, erat ac gravida laoreet, eros est congue velit, vestibulum scelerisque enim sem sed lacus. Curabitur sed quam non sapien tempor faucibus. Vestibulum quis sem elit.</p>', NULL, '2017-11-20 18:33:21', '2017-11-21 19:21:07', 'bca39c58-5661-4d87-b652-912aeda840dc');



DROP TABLE IF EXISTS `craft_deprecationerrors`;


--
-- Schema for table `craft_deprecationerrors`
--
CREATE TABLE `craft_deprecationerrors` (
  `id` int(11) NOT NULL AUTO_INCREMENT,
  `key` varchar(255) COLLATE utf8_unicode_ci NOT NULL,
  `fingerprint` varchar(255) COLLATE utf8_unicode_ci NOT NULL,
  `lastOccurrence` datetime NOT NULL,
  `file` varchar(255) COLLATE utf8_unicode_ci NOT NULL,
  `line` smallint(6) unsigned NOT NULL,
  `class` varchar(255) COLLATE utf8_unicode_ci DEFAULT NULL,
  `method` varchar(255) COLLATE utf8_unicode_ci DEFAULT NULL,
  `template` varchar(255) COLLATE utf8_unicode_ci DEFAULT NULL,
  `templateLine` smallint(6) unsigned DEFAULT NULL,
  `message` varchar(255) COLLATE utf8_unicode_ci DEFAULT NULL,
  `traces` text COLLATE utf8_unicode_ci,
  `dateCreated` datetime NOT NULL,
  `dateUpdated` datetime NOT NULL,
  `uid` char(36) COLLATE utf8_unicode_ci NOT NULL DEFAULT '0',
  PRIMARY KEY (`id`),
  UNIQUE KEY `craft_deprecationerrors_key_fingerprint_unq_idx` (`key`,`fingerprint`)
) ENGINE=InnoDB DEFAULT CHARSET=utf8 COLLATE=utf8_unicode_ci;

DROP TABLE IF EXISTS `craft_elementindexsettings`;


--
-- Schema for table `craft_elementindexsettings`
--
CREATE TABLE `craft_elementindexsettings` (
  `id` int(11) NOT NULL AUTO_INCREMENT,
  `type` varchar(150) COLLATE utf8_unicode_ci NOT NULL,
  `settings` text COLLATE utf8_unicode_ci,
  `dateCreated` datetime NOT NULL,
  `dateUpdated` datetime NOT NULL,
  `uid` char(36) COLLATE utf8_unicode_ci NOT NULL DEFAULT '0',
  PRIMARY KEY (`id`),
  UNIQUE KEY `craft_elementindexsettings_type_unq_idx` (`type`)
) ENGINE=InnoDB DEFAULT CHARSET=utf8 COLLATE=utf8_unicode_ci;

DROP TABLE IF EXISTS `craft_elements`;


--
-- Schema for table `craft_elements`
--
CREATE TABLE `craft_elements` (
  `id` int(11) NOT NULL AUTO_INCREMENT,
  `type` varchar(150) COLLATE utf8_unicode_ci NOT NULL,
  `enabled` tinyint(1) unsigned NOT NULL DEFAULT '1',
  `archived` tinyint(1) unsigned NOT NULL DEFAULT '0',
  `dateCreated` datetime NOT NULL,
  `dateUpdated` datetime NOT NULL,
  `uid` char(36) COLLATE utf8_unicode_ci NOT NULL DEFAULT '0',
  PRIMARY KEY (`id`),
  KEY `craft_elements_type_idx` (`type`),
  KEY `craft_elements_enabled_idx` (`enabled`),
  KEY `craft_elements_archived_dateCreated_idx` (`archived`,`dateCreated`)
) ENGINE=InnoDB AUTO_INCREMENT=31 DEFAULT CHARSET=utf8 COLLATE=utf8_unicode_ci;

--
-- Data for table `craft_elements`
--

INSERT INTO `craft_elements` (`id`, `type`, `enabled`, `archived`, `dateCreated`, `dateUpdated`, `uid`) VALUES
 ('1', 'User', '1', '0', '2017-11-18 04:20:21', '2017-11-19 08:37:43', '69234431-0b49-499b-a8f2-71d593fc8a5d'),
 ('2', 'Entry', '1', '0', '2017-11-18 04:20:23', '2017-11-21 19:45:48', '51cc2805-bca9-4010-84e6-c5dd1242bdd7'),
 ('3', 'GlobalSet', '1', '0', '2017-11-19 08:28:37', '2017-11-19 08:29:03', '57eb7fd7-8f74-4cae-a8f4-0f1f82c43a16'),
 ('4', 'Entry', '1', '0', '2017-11-20 18:32:51', '2017-11-20 18:32:51', '11d24578-4574-4ee4-a2a5-36c0cfd6ba19'),
 ('5', 'Entry', '1', '0', '2017-11-20 18:33:21', '2017-11-21 19:21:07', '89faed47-ec11-4134-ada9-24a8be31a3d6'),
 ('6', 'MatrixBlock', '1', '0', '2017-11-21 17:38:43', '2017-11-21 19:45:48', '539eca41-472d-4c46-b5da-42eebd71c3c4'),
 ('7', 'MatrixBlock', '1', '0', '2017-11-21 17:42:59', '2017-11-21 19:45:48', 'c65906cb-6320-424a-97e9-f70b9082ad6a'),
 ('8', 'MatrixBlock', '1', '0', '2017-11-21 17:42:59', '2017-11-21 19:45:48', 'a020dade-e153-4389-be46-140c191a4969'),
 ('9', 'MatrixBlock', '1', '0', '2017-11-21 17:42:59', '2017-11-21 19:45:48', 'f8351399-da8f-4425-aa89-a81cc01cdadf'),
 ('10', 'MatrixBlock', '1', '0', '2017-11-21 17:42:59', '2017-11-21 19:45:48', 'a8f9fd26-8082-4a7e-9f8d-274be525d21e'),
 ('11', 'MatrixBlock', '1', '0', '2017-11-21 17:42:59', '2017-11-21 19:45:48', '7915bc6f-94ba-45ac-a6b1-ada8e3108c5b'),
 ('12', 'MatrixBlock', '1', '0', '2017-11-21 17:42:59', '2017-11-21 19:45:48', '37973daa-5de1-47ec-9415-9cdac8c7fcab'),
 ('13', 'MatrixBlock', '1', '0', '2017-11-21 17:42:59', '2017-11-21 19:45:48', 'd61677e4-9134-4601-8e13-0bc66dbb6418'),
 ('14', 'MatrixBlock', '1', '0', '2017-11-21 17:45:03', '2017-11-21 19:45:48', '1485d4ba-58f5-4600-8bb1-6d229beb9bc7'),
 ('15', 'MatrixBlock', '1', '0', '2017-11-21 17:45:03', '2017-11-21 19:45:48', '577a3044-9b3b-43c8-9abd-ad7841d145d1'),
 ('16', 'MatrixBlock', '1', '0', '2017-11-21 17:45:03', '2017-11-21 19:45:48', '8ec0166d-fec1-46f4-b44a-901a936c412a'),
 ('17', 'MatrixBlock', '1', '0', '2017-11-21 17:45:03', '2017-11-21 19:45:48', '467d00bd-98bc-4474-97b9-8568e6b31631'),
 ('18', 'MatrixBlock', '1', '0', '2017-11-21 17:45:03', '2017-11-21 19:45:48', 'dc522da9-878a-40a8-867e-562658815530'),
 ('19', 'MatrixBlock', '1', '0', '2017-11-21 17:45:03', '2017-11-21 19:45:48', '0d4800a6-9e3f-4073-a1c5-c5d574f87b63'),
 ('20', 'MatrixBlock', '1', '0', '2017-11-21 17:45:03', '2017-11-21 19:45:48', 'cdea9b77-41b8-468e-b036-2ab0298043d5'),
 ('21', 'MatrixBlock', '1', '0', '2017-11-21 17:45:03', '2017-11-21 19:45:48', '0d46c5dd-c83e-4aed-a029-a56dbb243eca'),
 ('22', 'MatrixBlock', '1', '0', '2017-11-21 17:53:11', '2017-11-21 19:45:48', '2c18c963-ee36-47ee-8fbe-08b7eb032a48'),
 ('23', 'MatrixBlock', '1', '0', '2017-11-21 17:53:11', '2017-11-21 19:45:48', 'e980fef0-3e16-40c0-b2b6-4dc685d98b57'),
 ('24', 'MatrixBlock', '1', '0', '2017-11-21 17:53:11', '2017-11-21 19:45:48', '9ddf98c1-97a1-497d-808e-f15adaa30fde'),
 ('25', 'MatrixBlock', '1', '0', '2017-11-21 17:53:11', '2017-11-21 19:45:48', 'e7f7b697-20d8-4790-acd3-f22194c7807d'),
 ('26', 'MatrixBlock', '1', '0', '2017-11-21 17:53:11', '2017-11-21 19:45:48', 'eaaa81da-9bb1-4a8f-8d08-648aa1ff28ad'),
 ('27', 'MatrixBlock', '1', '0', '2017-11-21 17:53:11', '2017-11-21 19:45:48', '72bd27ff-bd5a-46f9-88ea-152bc94218f7'),
 ('28', 'MatrixBlock', '1', '0', '2017-11-21 17:53:11', '2017-11-21 19:45:48', '473a403f-03c3-4c1f-845a-2707ab7130c9'),
 ('29', 'MatrixBlock', '1', '0', '2017-11-21 17:53:11', '2017-11-21 19:45:48', '46f45669-8100-453a-8d1e-7ae65f3318b2');



DROP TABLE IF EXISTS `craft_elements_i18n`;


--
-- Schema for table `craft_elements_i18n`
--
CREATE TABLE `craft_elements_i18n` (
  `id` int(11) NOT NULL AUTO_INCREMENT,
  `elementId` int(11) NOT NULL,
  `locale` char(12) COLLATE utf8_unicode_ci NOT NULL,
  `slug` varchar(255) COLLATE utf8_unicode_ci DEFAULT NULL,
  `uri` varchar(255) COLLATE utf8_unicode_ci DEFAULT NULL,
  `enabled` tinyint(1) unsigned NOT NULL DEFAULT '1',
  `dateCreated` datetime NOT NULL,
  `dateUpdated` datetime NOT NULL,
  `uid` char(36) COLLATE utf8_unicode_ci NOT NULL DEFAULT '0',
  PRIMARY KEY (`id`),
  UNIQUE KEY `craft_elements_i18n_elementId_locale_unq_idx` (`elementId`,`locale`),
  UNIQUE KEY `craft_elements_i18n_uri_locale_unq_idx` (`uri`,`locale`),
  KEY `craft_elements_i18n_slug_locale_idx` (`slug`,`locale`),
  KEY `craft_elements_i18n_enabled_idx` (`enabled`),
  KEY `craft_elements_i18n_locale_fk` (`locale`)
) ENGINE=InnoDB AUTO_INCREMENT=31 DEFAULT CHARSET=utf8 COLLATE=utf8_unicode_ci;

--
-- Data for table `craft_elements_i18n`
--

INSERT INTO `craft_elements_i18n` (`id`, `elementId`, `locale`, `slug`, `uri`, `enabled`, `dateCreated`, `dateUpdated`, `uid`) VALUES
 ('1', '1', 'en_nz', '', NULL, '1', '2017-11-18 04:20:21', '2017-11-19 08:37:43', 'd12ca5fa-a6f7-4372-9f54-b187a63b86a8'),
 ('2', '2', 'en_nz', 'homepage', '__home__', '1', '2017-11-18 04:20:23', '2017-11-21 19:45:48', 'c96a7a4f-2cc2-44c6-9365-7c57ea7e930f'),
 ('3', '3', 'en_nz', '', NULL, '1', '2017-11-19 08:28:37', '2017-11-19 08:29:03', 'ad3f8187-5464-48d9-8044-db2d81f63449'),
 ('4', '4', 'en_nz', 'welcome-to-the-aviary', 'articles/2017/welcome-to-the-aviary', '1', '2017-11-20 18:32:51', '2017-11-20 18:32:51', '4f779b99-b248-4786-8419-bae46cd70051'),
 ('5', '5', 'en_nz', 'into-the-under-world', 'articles/2017/into-the-under-world', '1', '2017-11-20 18:33:21', '2017-11-21 19:21:07', 'e54aaa7c-aebd-4564-986c-4294910c53f7'),
 ('6', '6', 'en_nz', '', NULL, '1', '2017-11-21 17:38:43', '2017-11-21 19:45:48', '89ab2f96-e749-4280-9f81-27d3832716f4'),
 ('7', '7', 'en_nz', '', NULL, '1', '2017-11-21 17:42:59', '2017-11-21 19:45:48', '8868f3d9-f467-49e2-a4d9-d9fc233e6516'),
 ('8', '8', 'en_nz', '', NULL, '1', '2017-11-21 17:42:59', '2017-11-21 19:45:48', 'f6e3ccef-91cc-4cc6-acb6-1c743e23f3b7'),
 ('9', '9', 'en_nz', '', NULL, '1', '2017-11-21 17:42:59', '2017-11-21 19:45:48', '42225b39-86d6-42fc-86d9-716881ef62d1'),
 ('10', '10', 'en_nz', '', NULL, '1', '2017-11-21 17:42:59', '2017-11-21 19:45:48', '794fe59b-a4d7-464c-8bd8-38462ad1f69a'),
 ('11', '11', 'en_nz', '', NULL, '1', '2017-11-21 17:42:59', '2017-11-21 19:45:48', 'f16ffbf1-567b-4f68-964f-332424d64063'),
 ('12', '12', 'en_nz', '', NULL, '1', '2017-11-21 17:42:59', '2017-11-21 19:45:48', 'b3db96e6-e36f-4c56-827f-b8f202f87358'),
 ('13', '13', 'en_nz', '', NULL, '1', '2017-11-21 17:42:59', '2017-11-21 19:45:48', '75bd1070-1398-4e48-a634-f417baebec71'),
 ('14', '14', 'en_nz', '', NULL, '1', '2017-11-21 17:45:03', '2017-11-21 19:45:48', '88bb75b3-b9af-4bcd-86e7-8312953c4b4c'),
 ('15', '15', 'en_nz', '', NULL, '1', '2017-11-21 17:45:03', '2017-11-21 19:45:48', '74d87aa0-5558-4527-bf92-eed34d06fcc4'),
 ('16', '16', 'en_nz', '', NULL, '1', '2017-11-21 17:45:03', '2017-11-21 19:45:48', 'c0ca7522-281c-44da-b96d-04d8a222d5d9'),
 ('17', '17', 'en_nz', '', NULL, '1', '2017-11-21 17:45:03', '2017-11-21 19:45:48', '9675511c-90e0-4267-bd9e-c51d8f75e778'),
 ('18', '18', 'en_nz', '', NULL, '1', '2017-11-21 17:45:03', '2017-11-21 19:45:48', 'ea0027da-e3bf-4da5-897d-1987f651bfb2'),
 ('19', '19', 'en_nz', '', NULL, '1', '2017-11-21 17:45:03', '2017-11-21 19:45:48', '34ce511c-aed4-40da-8ab9-752919bbd60a'),
 ('20', '20', 'en_nz', '', NULL, '1', '2017-11-21 17:45:03', '2017-11-21 19:45:48', 'c2c48576-d7ce-4dc4-8012-d48d4984ab3c'),
 ('21', '21', 'en_nz', '', NULL, '1', '2017-11-21 17:45:03', '2017-11-21 19:45:48', '86fb6c89-c4dc-4140-b0ef-b2ba690b8bce'),
 ('22', '22', 'en_nz', '', NULL, '1', '2017-11-21 17:53:11', '2017-11-21 19:45:48', '1305f83c-a1f3-4ac2-a762-d26bd895d207'),
 ('23', '23', 'en_nz', '', NULL, '1', '2017-11-21 17:53:11', '2017-11-21 19:45:48', '0d923237-5ce7-42b6-8e6d-a3d64aad9fc0'),
 ('24', '24', 'en_nz', '', NULL, '1', '2017-11-21 17:53:11', '2017-11-21 19:45:48', '9164f112-9f8f-4080-9631-cb53fa30d470'),
 ('25', '25', 'en_nz', '', NULL, '1', '2017-11-21 17:53:11', '2017-11-21 19:45:48', '2d58bcd6-1646-4d6a-8484-d28c7e3b6470'),
 ('26', '26', 'en_nz', '', NULL, '1', '2017-11-21 17:53:11', '2017-11-21 19:45:48', '5704669a-d7b9-4853-a9eb-0965cbd143a4'),
 ('27', '27', 'en_nz', '', NULL, '1', '2017-11-21 17:53:11', '2017-11-21 19:45:48', '711eef86-930e-4366-b851-e2a83fadebbe'),
 ('28', '28', 'en_nz', '', NULL, '1', '2017-11-21 17:53:11', '2017-11-21 19:45:48', '370cdc0c-99dc-4032-bbb9-a0f0350077f7'),
 ('29', '29', 'en_nz', '', NULL, '1', '2017-11-21 17:53:11', '2017-11-21 19:45:48', '53300d73-f30d-45f9-8aff-eaf606219a46');



DROP TABLE IF EXISTS `craft_emailmessages`;


--
-- Schema for table `craft_emailmessages`
--
CREATE TABLE `craft_emailmessages` (
  `id` int(11) NOT NULL AUTO_INCREMENT,
  `key` char(150) COLLATE utf8_unicode_ci NOT NULL,
  `locale` char(12) COLLATE utf8_unicode_ci NOT NULL,
  `subject` varchar(1000) COLLATE utf8_unicode_ci NOT NULL,
  `body` text COLLATE utf8_unicode_ci NOT NULL,
  `dateCreated` datetime NOT NULL,
  `dateUpdated` datetime NOT NULL,
  `uid` char(36) COLLATE utf8_unicode_ci NOT NULL DEFAULT '0',
  PRIMARY KEY (`id`),
  UNIQUE KEY `craft_emailmessages_key_locale_unq_idx` (`key`,`locale`),
  KEY `craft_emailmessages_locale_fk` (`locale`)
) ENGINE=InnoDB DEFAULT CHARSET=utf8 COLLATE=utf8_unicode_ci;

DROP TABLE IF EXISTS `craft_entries`;


--
-- Schema for table `craft_entries`
--
CREATE TABLE `craft_entries` (
  `id` int(11) NOT NULL,
  `sectionId` int(11) NOT NULL,
  `typeId` int(11) DEFAULT NULL,
  `authorId` int(11) DEFAULT NULL,
  `postDate` datetime DEFAULT NULL,
  `expiryDate` datetime DEFAULT NULL,
  `dateCreated` datetime NOT NULL,
  `dateUpdated` datetime NOT NULL,
  `uid` char(36) COLLATE utf8_unicode_ci NOT NULL DEFAULT '0',
  PRIMARY KEY (`id`),
  KEY `craft_entries_sectionId_idx` (`sectionId`),
  KEY `craft_entries_typeId_idx` (`typeId`),
  KEY `craft_entries_postDate_idx` (`postDate`),
  KEY `craft_entries_expiryDate_idx` (`expiryDate`),
  KEY `craft_entries_authorId_fk` (`authorId`)
) ENGINE=InnoDB DEFAULT CHARSET=utf8 COLLATE=utf8_unicode_ci;

--
-- Data for table `craft_entries`
--

INSERT INTO `craft_entries` (`id`, `sectionId`, `typeId`, `authorId`, `postDate`, `expiryDate`, `dateCreated`, `dateUpdated`, `uid`) VALUES
 ('2', '1', '1', NULL, '2017-11-21 17:38:08', NULL, '2017-11-18 04:20:23', '2017-11-21 19:45:48', '7fdde470-011b-416b-89dc-ac6734785d7b'),
 ('4', '2', '2', '1', '2017-11-18 00:00:00', NULL, '2017-11-20 18:32:51', '2017-11-20 18:32:51', '4f0608f2-f587-4a36-b475-0020b06d80e2'),
 ('5', '2', '2', '1', '2017-11-20 18:33:00', NULL, '2017-11-20 18:33:21', '2017-11-21 19:21:07', 'cef9c32e-0fbb-4ffc-91ea-3f5e448525c2');



DROP TABLE IF EXISTS `craft_entrydrafts`;


--
-- Schema for table `craft_entrydrafts`
--
CREATE TABLE `craft_entrydrafts` (
  `id` int(11) NOT NULL AUTO_INCREMENT,
  `entryId` int(11) NOT NULL,
  `sectionId` int(11) NOT NULL,
  `creatorId` int(11) NOT NULL,
  `locale` char(12) COLLATE utf8_unicode_ci NOT NULL,
  `name` varchar(255) COLLATE utf8_unicode_ci NOT NULL,
  `notes` tinytext COLLATE utf8_unicode_ci,
  `data` mediumtext COLLATE utf8_unicode_ci NOT NULL,
  `dateCreated` datetime NOT NULL,
  `dateUpdated` datetime NOT NULL,
  `uid` char(36) COLLATE utf8_unicode_ci NOT NULL DEFAULT '0',
  PRIMARY KEY (`id`),
  KEY `craft_entrydrafts_entryId_locale_idx` (`entryId`,`locale`),
  KEY `craft_entrydrafts_sectionId_fk` (`sectionId`),
  KEY `craft_entrydrafts_creatorId_fk` (`creatorId`),
  KEY `craft_entrydrafts_locale_fk` (`locale`)
) ENGINE=InnoDB DEFAULT CHARSET=utf8 COLLATE=utf8_unicode_ci;

DROP TABLE IF EXISTS `craft_entrytypes`;


--
-- Schema for table `craft_entrytypes`
--
CREATE TABLE `craft_entrytypes` (
  `id` int(11) NOT NULL AUTO_INCREMENT,
  `sectionId` int(11) NOT NULL,
  `fieldLayoutId` int(11) DEFAULT NULL,
  `name` varchar(255) COLLATE utf8_unicode_ci NOT NULL,
  `handle` varchar(255) COLLATE utf8_unicode_ci NOT NULL,
  `hasTitleField` tinyint(1) unsigned NOT NULL DEFAULT '1',
  `titleLabel` varchar(255) COLLATE utf8_unicode_ci DEFAULT 'Title',
  `titleFormat` varchar(255) COLLATE utf8_unicode_ci DEFAULT NULL,
  `sortOrder` smallint(6) unsigned DEFAULT NULL,
  `dateCreated` datetime NOT NULL,
  `dateUpdated` datetime NOT NULL,
  `uid` char(36) COLLATE utf8_unicode_ci NOT NULL DEFAULT '0',
  PRIMARY KEY (`id`),
  UNIQUE KEY `craft_entrytypes_name_sectionId_unq_idx` (`name`,`sectionId`),
  UNIQUE KEY `craft_entrytypes_handle_sectionId_unq_idx` (`handle`,`sectionId`),
  KEY `craft_entrytypes_sectionId_fk` (`sectionId`),
  KEY `craft_entrytypes_fieldLayoutId_fk` (`fieldLayoutId`)
) ENGINE=InnoDB AUTO_INCREMENT=3 DEFAULT CHARSET=utf8 COLLATE=utf8_unicode_ci;

--
-- Data for table `craft_entrytypes`
--

INSERT INTO `craft_entrytypes` (`id`, `sectionId`, `fieldLayoutId`, `name`, `handle`, `hasTitleField`, `titleLabel`, `titleFormat`, `sortOrder`, `dateCreated`, `dateUpdated`, `uid`) VALUES
 ('1', '1', '16', 'Home', 'homepage', '1', 'Title', NULL, '1', '2017-11-18 04:20:23', '2017-11-21 17:49:40', '0a758745-6b67-4d55-9899-db8013f94023'),
 ('2', '2', '6', 'Articles', 'articles', '1', 'Title', NULL, '1', '2017-11-20 18:31:37', '2017-11-20 18:32:22', 'a469e08b-abf0-4aa8-8d30-94e01b53febe');



DROP TABLE IF EXISTS `craft_entryversions`;


--
-- Schema for table `craft_entryversions`
--
CREATE TABLE `craft_entryversions` (
  `id` int(11) NOT NULL AUTO_INCREMENT,
  `entryId` int(11) NOT NULL,
  `sectionId` int(11) NOT NULL,
  `creatorId` int(11) DEFAULT NULL,
  `locale` char(12) COLLATE utf8_unicode_ci NOT NULL,
  `num` smallint(6) unsigned NOT NULL,
  `notes` tinytext COLLATE utf8_unicode_ci,
  `data` mediumtext COLLATE utf8_unicode_ci NOT NULL,
  `dateCreated` datetime NOT NULL,
  `dateUpdated` datetime NOT NULL,
  `uid` char(36) COLLATE utf8_unicode_ci NOT NULL DEFAULT '0',
  PRIMARY KEY (`id`),
  KEY `craft_entryversions_entryId_locale_idx` (`entryId`,`locale`),
  KEY `craft_entryversions_sectionId_fk` (`sectionId`),
  KEY `craft_entryversions_creatorId_fk` (`creatorId`),
  KEY `craft_entryversions_locale_fk` (`locale`)
) ENGINE=InnoDB AUTO_INCREMENT=18 DEFAULT CHARSET=utf8 COLLATE=utf8_unicode_ci;

--
-- Data for table `craft_entryversions`
--

INSERT INTO `craft_entryversions` (`id`, `entryId`, `sectionId`, `creatorId`, `locale`, `num`, `notes`, `data`, `dateCreated`, `dateUpdated`, `uid`) VALUES
 ('1', '2', '1', '1', 'en_nz', '1', NULL, '{\"typeId\":\"1\",\"authorId\":null,\"title\":\"Homepage\",\"slug\":\"homepage\",\"postDate\":1510978823,\"expiryDate\":null,\"enabled\":1,\"parentId\":null,\"fields\":[]}', '2017-11-18 04:20:23', '2017-11-18 04:20:23', 'b3297278-c18e-40ac-a474-a1e6b117730c'),
 ('2', '2', '1', '1', 'en_nz', '2', '', '{\"typeId\":null,\"authorId\":null,\"title\":\"The Aviary\",\"slug\":\"homepage\",\"postDate\":1510978823,\"expiryDate\":null,\"enabled\":1,\"parentId\":null,\"fields\":{\"1\":\"Located\\u00a0in Auckland and just a stones throw away from Karangahape road, The Aviary has become a hotbed for creative success in New Zealand.\\r\\n\\r\\nThe Aviary has a fluctuating vacancy\\u00a0of hot desks, with availability ranging from hours, days and fixed term durations. See below for current desk availability, pricing and enquiry contacts.\"}}', '2017-11-19 08:29:20', '2017-11-19 08:29:20', '0c214aaf-5f74-404a-94ee-198f04379e17'),
 ('3', '2', '1', '1', 'en_nz', '3', '', '{\"typeId\":null,\"authorId\":null,\"title\":\"The Aviary\",\"slug\":\"homepage\",\"postDate\":1510978823,\"expiryDate\":null,\"enabled\":1,\"parentId\":null,\"fields\":{\"1\":\"Located\\u00a0in Auckland and just a stone\'s throw away from Karangahape road, The Aviary has become a hotbed for creative success in New Zealand.\\r\\n\\r\\nThe Aviary has a fluctuating vacancy\\u00a0of hot desks, with availability ranging from hours, days and fixed term durations. See below for current desk availability, pricing and enquiry contacts.\"}}', '2017-11-20 08:12:44', '2017-11-20 08:12:44', '1fda1233-85cb-475f-afcb-65a69910f4d5'),
 ('4', '4', '2', '1', 'en_nz', '1', '', '{\"typeId\":null,\"authorId\":\"1\",\"title\":\"Welcome to The Aviary\",\"slug\":\"welcome-to-the-aviary\",\"postDate\":1510963200,\"expiryDate\":null,\"enabled\":1,\"parentId\":null,\"fields\":{\"5\":\"<p>Lorem ipsum dolor sit amet, consectetur adipiscing elit. Aliquam eu luctus dolor. Vivamus ut sem metus. Sed dignissim leo sit amet magna dignissim, non suscipit purus blandit. Praesent imperdiet lacus ut tempus faucibus. Maecenas scelerisque nec tellus in ultrices.&nbsp;<\\/p>\\r\\n<p>Aenean nec sem sed metus commodo sodales. Pellentesque gravida pharetra nisi sed maximus. Praesent sodales neque sed est tempus ornare. Nulla eget lorem ut nulla tempus aliquet finibus vehicula justo. Pellentesque auctor, diam iaculis aliquam vestibulum, orci lacus pretium arcu, non euismod nibh magna eget sapien. Nullam aliquam cursus nisl, sit amet dignissim nulla porttitor et. Etiam feugiat elementum diam, ac pellentesque nisi. Curabitur tincidunt in metus eu fermentum. Donec consectetur diam in sollicitudin luctus. Mauris sagittis nisl ac ligula fringilla rutrum. Phasellus bibendum ut justo eu ullamcorper.\\r\\n<\\/p>\\r\\n<p>Phasellus semper diam at dolor posuere accumsan. In gravida nisl at tristique dignissim. Proin porta convallis libero. Cras id diam rutrum, fringilla sem nec, venenatis elit. Sed odio nunc, volutpat eu libero et, gravida mollis velit. Maecenas commodo, erat ac gravida laoreet, eros est congue velit, vestibulum scelerisque enim sem sed lacus. Curabitur sed quam non sapien tempor faucibus. Vestibulum quis sem elit.<\\/p><p><\\/p>\",\"2\":\"\"}}', '2017-11-20 18:32:51', '2017-11-20 18:32:51', 'fc2707f5-93e7-4ad1-be0a-926464e95706'),
 ('5', '5', '2', '1', 'en_nz', '1', '', '{\"typeId\":null,\"authorId\":\"1\",\"title\":\"Into the Underworld\",\"slug\":\"into-the-underworld\",\"postDate\":1511202801,\"expiryDate\":null,\"enabled\":1,\"parentId\":null,\"fields\":{\"5\":\"<p>Aenean nec sem sed metus commodo sodales. Pellentesque gravida pharetra nisi sed maximus. Praesent sodales neque sed est tempus ornare. Nulla eget lorem ut nulla tempus aliquet finibus vehicula justo.<\\/p>\\r\\n<p>Pellentesque auctor, diam iaculis aliquam vestibulum, orci lacus pretium arcu, non euismod nibh magna eget sapien. Nullam aliquam cursus nisl, sit amet dignissim nulla porttitor et. Etiam feugiat elementum diam, ac pellentesque nisi. Curabitur tincidunt in metus eu fermentum. Donec consectetur diam in sollicitudin luctus. Mauris sagittis nisl ac ligula fringilla rutrum. Phasellus bibendum ut justo eu ullamcorper.<\\/p>\\r\\n<p>Phasellus semper diam at dolor posuere accumsan. In gravida nisl at tristique dignissim. Proin porta convallis libero. Cras id diam rutrum, fringilla sem nec, venenatis elit. Sed odio nunc, volutpat eu libero et, gravida mollis velit. Maecenas commodo, erat ac gravida laoreet, eros est congue velit, vestibulum scelerisque enim sem sed lacus. Curabitur sed quam non sapien tempor faucibus. Vestibulum quis sem elit.<\\/p><p><\\/p>\",\"2\":\"\"}}', '2017-11-20 18:33:21', '2017-11-20 18:33:21', '3e9a92ce-e21f-4382-a790-d54bf0adad14'),
 ('6', '2', '1', '1', 'en_nz', '4', '', '{\"typeId\":null,\"authorId\":null,\"title\":\"The Aviary\",\"slug\":\"homepage\",\"postDate\":1510978823,\"expiryDate\":null,\"enabled\":1,\"parentId\":null,\"fields\":{\"1\":\"Located in Auckland and just a stone\'s throw away from Karangahape road, The Aviary has become a hotbed for creative success in New Zealand.\\r\\n\\r\\nThe collaborative nature of the way we like to work is echoed by the space itself. With high-vaulted ceilings, floods of natural light, and transparent barriers blurring the line between work and play. \\r\\n\\r\\nThe Aviary has fluctuating vacancies of hot desks with availability ranging from hours, days, and fixed-term durations. See below for current desk space, pricing, and enquiry contacts.\"}}', '2017-11-21 09:39:17', '2017-11-21 09:39:17', 'fe5e6a46-19ad-4dfe-93af-f0a24da9184c'),
 ('7', '2', '1', '1', 'en_nz', '5', '', '{\"typeId\":\"1\",\"authorId\":null,\"title\":\"The Aviary\",\"slug\":\"homepage\",\"postDate\":1511285888,\"expiryDate\":null,\"enabled\":1,\"parentId\":null,\"fields\":{\"6\":{\"new1\":{\"type\":\"desk\",\"enabled\":\"1\",\"fields\":{\"unavailableAvailable\":\"\"}}},\"1\":\"Located in Auckland and just a stone\'s throw away from Karangahape road, The Aviary has become a hotbed for creative success in New Zealand.\\r\\n\\r\\nThe collaborative nature of the way we like to work is echoed by the space itself. With high-vaulted ceilings, floods of natural light, and transparent barriers blurring the line between work and play. \\r\\n\\r\\nThe Aviary has fluctuating vacancies of hot desks with availability ranging from hours, days, and fixed-term durations. See below for current desk space, pricing, and enquiry contacts.\"}}', '2017-11-21 17:38:43', '2017-11-21 17:38:43', 'd01f9152-1fe1-4506-a0d9-3a03ec911f6e'),
 ('8', '2', '1', '1', 'en_nz', '6', '', '{\"typeId\":\"1\",\"authorId\":null,\"title\":\"The Aviary\",\"slug\":\"homepage\",\"postDate\":1511285888,\"expiryDate\":null,\"enabled\":1,\"parentId\":null,\"fields\":{\"6\":{\"6\":{\"type\":\"desks\",\"enabled\":\"1\",\"fields\":{\"deskNumber\":\"1\",\"unavailableAvailable\":\"\"}}},\"1\":\"Located in Auckland and just a stone\'s throw away from Karangahape road, The Aviary has become a hotbed for creative success in New Zealand.\\r\\n\\r\\nThe collaborative nature of the way we like to work is echoed by the space itself. With high-vaulted ceilings, floods of natural light, and transparent barriers blurring the line between work and play. \\r\\n\\r\\nThe Aviary has fluctuating vacancies of hot desks with availability ranging from hours, days, and fixed-term durations. See below for current desk space, pricing, and enquiry contacts.\"}}', '2017-11-21 17:41:23', '2017-11-21 17:41:23', '6d2e0128-2cd6-4c53-a537-00f0b7edaa21'),
 ('9', '2', '1', '1', 'en_nz', '7', '', '{\"typeId\":\"1\",\"authorId\":null,\"title\":\"The Aviary\",\"slug\":\"homepage\",\"postDate\":1511285888,\"expiryDate\":null,\"enabled\":1,\"parentId\":null,\"fields\":{\"6\":{\"6\":{\"type\":\"desks\",\"enabled\":\"1\",\"fields\":{\"deskNumber\":\"1\",\"unavailableAvailable\":\"\"}},\"new1\":{\"type\":\"desks\",\"enabled\":\"1\",\"fields\":{\"deskNumber\":\"2\",\"unavailableAvailable\":\"1\"}},\"new2\":{\"type\":\"desks\",\"enabled\":\"1\",\"fields\":{\"deskNumber\":\"3\",\"unavailableAvailable\":\"\"}},\"new3\":{\"type\":\"desks\",\"enabled\":\"1\",\"fields\":{\"deskNumber\":\"4\",\"unavailableAvailable\":\"\"}},\"new4\":{\"type\":\"desks\",\"enabled\":\"1\",\"fields\":{\"deskNumber\":\"5\",\"unavailableAvailable\":\"\"}},\"new5\":{\"type\":\"desks\",\"enabled\":\"1\",\"fields\":{\"deskNumber\":\"6\",\"unavailableAvailable\":\"1\"}},\"new6\":{\"type\":\"desks\",\"enabled\":\"1\",\"fields\":{\"deskNumber\":\"7\",\"unavailableAvailable\":\"\"}},\"new7\":{\"type\":\"desks\",\"enabled\":\"1\",\"fields\":{\"deskNumber\":\"8\",\"unavailableAvailable\":\"\"}}},\"1\":\"Located in Auckland and just a stone\'s throw away from Karangahape road, The Aviary has become a hotbed for creative success in New Zealand.\\r\\n\\r\\nThe collaborative nature of the way we like to work is echoed by the space itself. With high-vaulted ceilings, floods of natural light, and transparent barriers blurring the line between work and play. \\r\\n\\r\\nThe Aviary has fluctuating vacancies of hot desks with availability ranging from hours, days, and fixed-term durations. See below for current desk space, pricing, and enquiry contacts.\"}}', '2017-11-21 17:42:59', '2017-11-21 17:42:59', 'd0722ea3-f79d-40ab-a852-30f86055bd14'),
 ('10', '2', '1', '1', 'en_nz', '8', '', '{\"typeId\":\"1\",\"authorId\":null,\"title\":\"The Aviary\",\"slug\":\"homepage\",\"postDate\":1511285888,\"expiryDate\":null,\"enabled\":1,\"parentId\":null,\"fields\":{\"6\":{\"6\":{\"type\":\"desks\",\"enabled\":\"1\",\"fields\":{\"deskNumber\":\"1\",\"unavailableAvailable\":\"\"}},\"7\":{\"type\":\"desks\",\"enabled\":\"1\",\"fields\":{\"deskNumber\":\"2\",\"unavailableAvailable\":\"1\"}},\"8\":{\"type\":\"desks\",\"enabled\":\"1\",\"fields\":{\"deskNumber\":\"3\",\"unavailableAvailable\":\"\"}},\"9\":{\"type\":\"desks\",\"enabled\":\"1\",\"fields\":{\"deskNumber\":\"4\",\"unavailableAvailable\":\"\"}},\"10\":{\"type\":\"desks\",\"enabled\":\"1\",\"fields\":{\"deskNumber\":\"5\",\"unavailableAvailable\":\"\"}},\"11\":{\"type\":\"desks\",\"enabled\":\"1\",\"fields\":{\"deskNumber\":\"6\",\"unavailableAvailable\":\"1\"}},\"12\":{\"type\":\"desks\",\"enabled\":\"1\",\"fields\":{\"deskNumber\":\"7\",\"unavailableAvailable\":\"\"}},\"13\":{\"type\":\"desks\",\"enabled\":\"1\",\"fields\":{\"deskNumber\":\"8\",\"unavailableAvailable\":\"\"}},\"new1\":{\"type\":\"desks\",\"enabled\":\"1\",\"fields\":{\"deskNumber\":\"9\",\"unavailableAvailable\":\"1\"}},\"new2\":{\"type\":\"desks\",\"enabled\":\"1\",\"fields\":{\"deskNumber\":\"10\",\"unavailableAvailable\":\"\"}},\"new3\":{\"type\":\"desks\",\"enabled\":\"1\",\"fields\":{\"deskNumber\":\"11\",\"unavailableAvailable\":\"1\"}},\"new4\":{\"type\":\"desks\",\"enabled\":\"1\",\"fields\":{\"deskNumber\":\"12\",\"unavailableAvailable\":\"\"}},\"new5\":{\"type\":\"desks\",\"enabled\":\"1\",\"fields\":{\"deskNumber\":\"13\",\"unavailableAvailable\":\"\"}},\"new6\":{\"type\":\"desks\",\"enabled\":\"1\",\"fields\":{\"deskNumber\":\"14\",\"unavailableAvailable\":\"\"}},\"new7\":{\"type\":\"desks\",\"enabled\":\"1\",\"fields\":{\"deskNumber\":\"15\",\"unavailableAvailable\":\"\"}},\"new8\":{\"type\":\"desks\",\"enabled\":\"1\",\"fields\":{\"deskNumber\":\"16\",\"unavailableAvailable\":\"\"}}},\"1\":\"Located in Auckland and just a stone\'s throw away from Karangahape road, The Aviary has become a hotbed for creative success in New Zealand.\\r\\n\\r\\nThe collaborative nature of the way we like to work is echoed by the space itself. With high-vaulted ceilings, floods of natural light, and transparent barriers blurring the line between work and play. \\r\\n\\r\\nThe Aviary has fluctuating vacancies of hot desks with availability ranging from hours, days, and fixed-term durations. See below for current desk space, pricing, and enquiry contacts.\"}}', '2017-11-21 17:45:03', '2017-11-21 17:45:03', '82b9dc4f-67fa-4533-8a6e-ce29b0131446'),
 ('11', '2', '1', '1', 'en_nz', '9', '', '{\"typeId\":\"1\",\"authorId\":null,\"title\":\"The Aviary\",\"slug\":\"homepage\",\"postDate\":1511285888,\"expiryDate\":null,\"enabled\":1,\"parentId\":null,\"fields\":{\"6\":{\"6\":{\"type\":\"desks\",\"enabled\":\"1\",\"fields\":{\"deskNumber\":\"1\",\"unavailableAvailable\":\"\"}},\"7\":{\"type\":\"desks\",\"enabled\":\"1\",\"fields\":{\"deskNumber\":\"2\",\"unavailableAvailable\":\"1\"}},\"8\":{\"type\":\"desks\",\"enabled\":\"1\",\"fields\":{\"deskNumber\":\"3\",\"unavailableAvailable\":\"\"}},\"9\":{\"type\":\"desks\",\"enabled\":\"1\",\"fields\":{\"deskNumber\":\"4\",\"unavailableAvailable\":\"\"}},\"10\":{\"type\":\"desks\",\"enabled\":\"1\",\"fields\":{\"deskNumber\":\"5\",\"unavailableAvailable\":\"\"}},\"11\":{\"type\":\"desks\",\"enabled\":\"1\",\"fields\":{\"deskNumber\":\"6\",\"unavailableAvailable\":\"1\"}},\"12\":{\"type\":\"desks\",\"enabled\":\"1\",\"fields\":{\"deskNumber\":\"7\",\"unavailableAvailable\":\"\"}},\"13\":{\"type\":\"desks\",\"enabled\":\"1\",\"fields\":{\"deskNumber\":\"8\",\"unavailableAvailable\":\"\"}},\"14\":{\"type\":\"desks\",\"enabled\":\"1\",\"fields\":{\"deskNumber\":\"9\",\"unavailableAvailable\":\"1\"}},\"15\":{\"type\":\"desks\",\"enabled\":\"1\",\"fields\":{\"deskNumber\":\"10\",\"unavailableAvailable\":\"\"}},\"16\":{\"type\":\"desks\",\"enabled\":\"1\",\"fields\":{\"deskNumber\":\"11\",\"unavailableAvailable\":\"1\"}},\"17\":{\"type\":\"desks\",\"enabled\":\"1\",\"fields\":{\"deskNumber\":\"12\",\"unavailableAvailable\":\"\"}},\"18\":{\"type\":\"desks\",\"enabled\":\"1\",\"fields\":{\"deskNumber\":\"13\",\"unavailableAvailable\":\"\"}},\"19\":{\"type\":\"desks\",\"enabled\":\"1\",\"fields\":{\"deskNumber\":\"14\",\"unavailableAvailable\":\"\"}},\"20\":{\"type\":\"desks\",\"enabled\":\"1\",\"fields\":{\"deskNumber\":\"15\",\"unavailableAvailable\":\"\"}},\"21\":{\"type\":\"desks\",\"enabled\":\"1\",\"fields\":{\"deskNumber\":\"16\",\"unavailableAvailable\":\"\"}}},\"1\":\"Located in Auckland and just a stone\'s throw away from Karangahape road, The Aviary has become a hotbed for creative success in New Zealand.\\r\\n\\r\\nThe collaborative nature of the way we like to work is echoed by the space itself. With high-vaulted ceilings, floods of natural light, and transparent barriers blurring the line between work and play. \\r\\n\\r\\nThe Aviary has fluctuating vacancies of hot desks with availability ranging from hours, days, and fixed-term durations. See below for current desk space, pricing, and enquiry contacts.\"}}', '2017-11-21 17:45:28', '2017-11-21 17:45:28', '2aa0d9a8-e395-4452-87d1-4d482a18c0b0'),
 ('12', '2', '1', '1', 'en_nz', '10', '', '{\"typeId\":\"1\",\"authorId\":null,\"title\":\"The Aviary\",\"slug\":\"homepage\",\"postDate\":1511285888,\"expiryDate\":null,\"enabled\":1,\"parentId\":null,\"fields\":{\"6\":{\"6\":{\"type\":\"desks\",\"enabled\":\"1\",\"fields\":{\"deskNumber\":\"1\",\"unavailableAvailable\":\"\"}},\"7\":{\"type\":\"desks\",\"enabled\":\"1\",\"fields\":{\"deskNumber\":\"2\",\"unavailableAvailable\":\"1\"}},\"8\":{\"type\":\"desks\",\"enabled\":\"1\",\"fields\":{\"deskNumber\":\"3\",\"unavailableAvailable\":\"\"}},\"9\":{\"type\":\"desks\",\"enabled\":\"1\",\"fields\":{\"deskNumber\":\"4\",\"unavailableAvailable\":\"\"}},\"10\":{\"type\":\"desks\",\"enabled\":\"1\",\"fields\":{\"deskNumber\":\"5\",\"unavailableAvailable\":\"\"}},\"11\":{\"type\":\"desks\",\"enabled\":\"1\",\"fields\":{\"deskNumber\":\"6\",\"unavailableAvailable\":\"1\"}},\"12\":{\"type\":\"desks\",\"enabled\":\"1\",\"fields\":{\"deskNumber\":\"7\",\"unavailableAvailable\":\"\"}},\"13\":{\"type\":\"desks\",\"enabled\":\"1\",\"fields\":{\"deskNumber\":\"8\",\"unavailableAvailable\":\"\"}},\"14\":{\"type\":\"desks\",\"enabled\":\"1\",\"fields\":{\"deskNumber\":\"9\",\"unavailableAvailable\":\"1\"}},\"15\":{\"type\":\"desks\",\"enabled\":\"1\",\"fields\":{\"deskNumber\":\"10\",\"unavailableAvailable\":\"\"}},\"16\":{\"type\":\"desks\",\"enabled\":\"1\",\"fields\":{\"deskNumber\":\"11\",\"unavailableAvailable\":\"1\"}},\"17\":{\"type\":\"desks\",\"enabled\":\"1\",\"fields\":{\"deskNumber\":\"12\",\"unavailableAvailable\":\"\"}},\"18\":{\"type\":\"desks\",\"enabled\":\"1\",\"fields\":{\"deskNumber\":\"13\",\"unavailableAvailable\":\"\"}},\"19\":{\"type\":\"desks\",\"enabled\":\"1\",\"fields\":{\"deskNumber\":\"14\",\"unavailableAvailable\":\"\"}},\"20\":{\"type\":\"desks\",\"enabled\":\"1\",\"fields\":{\"deskNumber\":\"15\",\"unavailableAvailable\":\"\"}},\"21\":{\"type\":\"desks\",\"enabled\":\"1\",\"fields\":{\"deskNumber\":\"16\",\"unavailableAvailable\":\"\"}}},\"1\":\"Located in Auckland and just a stone\'s throw away from Karangahape road, The Aviary has become a hotbed for creative success in New Zealand.\\r\\n\\r\\nThe collaborative nature of the way we like to work is echoed by the space itself. With high-vaulted ceilings, floods of natural light, and transparent barriers blurring the line between work and play. \\r\\n\\r\\nThe Aviary has fluctuating vacancies of hot desks with availability ranging from hours, days, and fixed-term durations. See below for current desk space, pricing, and enquiry contacts.\"}}', '2017-11-21 17:45:29', '2017-11-21 17:45:29', '76c15e6c-0f3b-48a7-a28c-921f243171d9'),
 ('13', '2', '1', '1', 'en_nz', '11', '', '{\"typeId\":\"1\",\"authorId\":null,\"title\":\"The Aviary\",\"slug\":\"homepage\",\"postDate\":1511285888,\"expiryDate\":null,\"enabled\":1,\"parentId\":null,\"fields\":{\"12\":\"Price per week for a single desk is NZ$165, ex. GST; day rate NZ$30 inc. GST.\\r\\n\\r\\nFor more information stop by the studio for a chat, or flick us an email:\",\"6\":{\"6\":{\"type\":\"desks\",\"enabled\":\"1\",\"fields\":{\"deskNumber\":\"1\",\"unavailableAvailable\":\"\"}},\"7\":{\"type\":\"desks\",\"enabled\":\"1\",\"fields\":{\"deskNumber\":\"2\",\"unavailableAvailable\":\"1\"}},\"8\":{\"type\":\"desks\",\"enabled\":\"1\",\"fields\":{\"deskNumber\":\"3\",\"unavailableAvailable\":\"\"}},\"9\":{\"type\":\"desks\",\"enabled\":\"1\",\"fields\":{\"deskNumber\":\"4\",\"unavailableAvailable\":\"\"}},\"10\":{\"type\":\"desks\",\"enabled\":\"1\",\"fields\":{\"deskNumber\":\"5\",\"unavailableAvailable\":\"\"}},\"11\":{\"type\":\"desks\",\"enabled\":\"1\",\"fields\":{\"deskNumber\":\"6\",\"unavailableAvailable\":\"1\"}},\"12\":{\"type\":\"desks\",\"enabled\":\"1\",\"fields\":{\"deskNumber\":\"7\",\"unavailableAvailable\":\"\"}},\"13\":{\"type\":\"desks\",\"enabled\":\"1\",\"fields\":{\"deskNumber\":\"8\",\"unavailableAvailable\":\"\"}},\"14\":{\"type\":\"desks\",\"enabled\":\"1\",\"fields\":{\"deskNumber\":\"9\",\"unavailableAvailable\":\"1\"}},\"15\":{\"type\":\"desks\",\"enabled\":\"1\",\"fields\":{\"deskNumber\":\"10\",\"unavailableAvailable\":\"\"}},\"16\":{\"type\":\"desks\",\"enabled\":\"1\",\"fields\":{\"deskNumber\":\"11\",\"unavailableAvailable\":\"1\"}},\"17\":{\"type\":\"desks\",\"enabled\":\"1\",\"fields\":{\"deskNumber\":\"12\",\"unavailableAvailable\":\"\"}},\"18\":{\"type\":\"desks\",\"enabled\":\"1\",\"fields\":{\"deskNumber\":\"13\",\"unavailableAvailable\":\"\"}},\"19\":{\"type\":\"desks\",\"enabled\":\"1\",\"fields\":{\"deskNumber\":\"14\",\"unavailableAvailable\":\"\"}},\"20\":{\"type\":\"desks\",\"enabled\":\"1\",\"fields\":{\"deskNumber\":\"15\",\"unavailableAvailable\":\"\"}},\"21\":{\"type\":\"desks\",\"enabled\":\"1\",\"fields\":{\"deskNumber\":\"16\",\"unavailableAvailable\":\"\"}}},\"1\":\"Located in Auckland and just a stone\'s throw away from Karangahape road, The Aviary has become a hotbed for creative success in New Zealand.\\r\\n\\r\\nThe collaborative nature of the way we like to work is echoed by the space itself. With high-vaulted ceilings, floods of natural light, and transparent barriers blurring the line between work and play. \\r\\n\\r\\nThe Aviary has fluctuating vacancies of hot desks with availability ranging from hours, days, and fixed-term durations. See below for current desk space, pricing, and enquiry contacts.\",\"9\":\"\"}}', '2017-11-21 17:50:26', '2017-11-21 17:50:26', '90442abc-5225-49da-b7b1-36f78287033c'),
 ('14', '2', '1', '1', 'en_nz', '12', '', '{\"typeId\":\"1\",\"authorId\":null,\"title\":\"The Aviary\",\"slug\":\"homepage\",\"postDate\":1511285888,\"expiryDate\":null,\"enabled\":1,\"parentId\":null,\"fields\":{\"12\":\"Price per week for a single desk is NZ$165, ex. GST; day rate NZ$30 inc. GST.\\r\\n\\r\\nFor more information stop by the studio for a chat, or flick us an email:\",\"6\":{\"6\":{\"type\":\"desks\",\"enabled\":\"1\",\"fields\":{\"deskNumber\":\"1\",\"unavailableAvailable\":\"\"}},\"7\":{\"type\":\"desks\",\"enabled\":\"1\",\"fields\":{\"deskNumber\":\"2\",\"unavailableAvailable\":\"1\"}},\"8\":{\"type\":\"desks\",\"enabled\":\"1\",\"fields\":{\"deskNumber\":\"3\",\"unavailableAvailable\":\"\"}},\"9\":{\"type\":\"desks\",\"enabled\":\"1\",\"fields\":{\"deskNumber\":\"4\",\"unavailableAvailable\":\"\"}},\"10\":{\"type\":\"desks\",\"enabled\":\"1\",\"fields\":{\"deskNumber\":\"5\",\"unavailableAvailable\":\"\"}},\"11\":{\"type\":\"desks\",\"enabled\":\"1\",\"fields\":{\"deskNumber\":\"6\",\"unavailableAvailable\":\"1\"}},\"12\":{\"type\":\"desks\",\"enabled\":\"1\",\"fields\":{\"deskNumber\":\"7\",\"unavailableAvailable\":\"\"}},\"13\":{\"type\":\"desks\",\"enabled\":\"1\",\"fields\":{\"deskNumber\":\"8\",\"unavailableAvailable\":\"\"}},\"14\":{\"type\":\"desks\",\"enabled\":\"1\",\"fields\":{\"deskNumber\":\"9\",\"unavailableAvailable\":\"1\"}},\"15\":{\"type\":\"desks\",\"enabled\":\"1\",\"fields\":{\"deskNumber\":\"10\",\"unavailableAvailable\":\"\"}},\"16\":{\"type\":\"desks\",\"enabled\":\"1\",\"fields\":{\"deskNumber\":\"11\",\"unavailableAvailable\":\"1\"}},\"17\":{\"type\":\"desks\",\"enabled\":\"1\",\"fields\":{\"deskNumber\":\"12\",\"unavailableAvailable\":\"\"}},\"18\":{\"type\":\"desks\",\"enabled\":\"1\",\"fields\":{\"deskNumber\":\"13\",\"unavailableAvailable\":\"\"}},\"19\":{\"type\":\"desks\",\"enabled\":\"1\",\"fields\":{\"deskNumber\":\"14\",\"unavailableAvailable\":\"\"}},\"20\":{\"type\":\"desks\",\"enabled\":\"1\",\"fields\":{\"deskNumber\":\"15\",\"unavailableAvailable\":\"\"}},\"21\":{\"type\":\"desks\",\"enabled\":\"1\",\"fields\":{\"deskNumber\":\"16\",\"unavailableAvailable\":\"\"}}},\"1\":\"Located in Auckland and just a stone\'s throw away from Karangahape road, The Aviary has become a hotbed for creative success in New Zealand.\\r\\n\\r\\nThe collaborative nature of the way we like to work is echoed by the space itself. With high-vaulted ceilings, floods of natural light, and transparent barriers blurring the line between work and play. \\r\\n\\r\\nThe Aviary has fluctuating vacancies of hot desks with availability ranging from hours, days, and fixed-term durations. See below for current desk space, pricing, and enquiry contacts.\",\"9\":{\"new1\":{\"type\":\"occupants\",\"enabled\":\"1\",\"fields\":{\"occupantName\":\"Pitch Studio\",\"occupantLink\":\"https:\\/\\/pitchstudio.co.nz\\/\"}},\"new2\":{\"type\":\"occupants\",\"enabled\":\"1\",\"fields\":{\"occupantName\":\"Ghost Street\",\"occupantLink\":\"https:\\/\\/ghost.st\\/\"},\"collapsed\":\"1\"},\"new3\":{\"type\":\"occupants\",\"enabled\":\"1\",\"fields\":{\"occupantName\":\"Studio Everyday\",\"occupantLink\":\"https:\\/\\/studioeveryday.co.nz\\/\"},\"collapsed\":\"1\"},\"new4\":{\"type\":\"occupants\",\"enabled\":\"1\",\"fields\":{\"occupantName\":\"Plant Culture\",\"occupantLink\":\"https:\\/\\/www.plantculture.nz\\/\"},\"collapsed\":\"1\"},\"new5\":{\"type\":\"occupants\",\"enabled\":\"1\",\"fields\":{\"occupantName\":\"Sian Cottrell-Davies\",\"occupantLink\":\"\"},\"collapsed\":\"1\"},\"new6\":{\"type\":\"occupants\",\"enabled\":\"1\",\"fields\":{\"occupantName\":\"Louie Tong\",\"occupantLink\":\"https:\\/\\/louietong.net\\/\"},\"collapsed\":\"1\"},\"new7\":{\"type\":\"occupants\",\"enabled\":\"1\",\"fields\":{\"occupantName\":\"James Norman\",\"occupantLink\":\"https:\\/\\/assembly.co.nz\\/\"},\"collapsed\":\"1\"},\"new8\":{\"type\":\"occupants\",\"enabled\":\"1\",\"fields\":{\"occupantName\":\"Chirag Jandel\",\"occupantLink\":\"https:\\/\\/www.intotheunderworld.co.nz\\/\"},\"collapsed\":\"1\"}}}}', '2017-11-21 17:53:11', '2017-11-21 17:53:11', '5d5de159-a02c-4536-9e5e-b26c8eb6a3a0'),
 ('15', '2', '1', '1', 'en_nz', '13', '', '{\"typeId\":\"1\",\"authorId\":null,\"title\":\"The Aviary\",\"slug\":\"homepage\",\"postDate\":1511285888,\"expiryDate\":null,\"enabled\":1,\"parentId\":null,\"fields\":{\"12\":\"Price per week for a single desk is NZ$165, ex. GST; day rate NZ$30 inc. GST.\\r\\n\\r\\nFor more information stop by the studio for a chat, or flick us an email:\",\"6\":{\"6\":{\"type\":\"desks\",\"enabled\":\"1\",\"fields\":{\"deskNumber\":\"01\",\"unavailableAvailable\":\"\"}},\"7\":{\"type\":\"desks\",\"enabled\":\"1\",\"fields\":{\"deskNumber\":\"02\",\"unavailableAvailable\":\"1\"}},\"8\":{\"type\":\"desks\",\"enabled\":\"1\",\"fields\":{\"deskNumber\":\"03\",\"unavailableAvailable\":\"\"}},\"9\":{\"type\":\"desks\",\"enabled\":\"1\",\"fields\":{\"deskNumber\":\"04\",\"unavailableAvailable\":\"\"}},\"10\":{\"type\":\"desks\",\"enabled\":\"1\",\"fields\":{\"deskNumber\":\"05\",\"unavailableAvailable\":\"\"}},\"11\":{\"type\":\"desks\",\"enabled\":\"1\",\"fields\":{\"deskNumber\":\"06\",\"unavailableAvailable\":\"1\"}},\"12\":{\"type\":\"desks\",\"enabled\":\"1\",\"fields\":{\"deskNumber\":\"07\",\"unavailableAvailable\":\"\"}},\"13\":{\"type\":\"desks\",\"enabled\":\"1\",\"fields\":{\"deskNumber\":\"08\",\"unavailableAvailable\":\"\"}},\"14\":{\"type\":\"desks\",\"enabled\":\"1\",\"fields\":{\"deskNumber\":\"09\",\"unavailableAvailable\":\"1\"}},\"15\":{\"type\":\"desks\",\"enabled\":\"1\",\"fields\":{\"deskNumber\":\"10\",\"unavailableAvailable\":\"\"}},\"16\":{\"type\":\"desks\",\"enabled\":\"1\",\"fields\":{\"deskNumber\":\"11\",\"unavailableAvailable\":\"1\"}},\"17\":{\"type\":\"desks\",\"enabled\":\"1\",\"fields\":{\"deskNumber\":\"12\",\"unavailableAvailable\":\"\"}},\"18\":{\"type\":\"desks\",\"enabled\":\"1\",\"fields\":{\"deskNumber\":\"13\",\"unavailableAvailable\":\"\"}},\"19\":{\"type\":\"desks\",\"enabled\":\"1\",\"fields\":{\"deskNumber\":\"14\",\"unavailableAvailable\":\"\"}},\"20\":{\"type\":\"desks\",\"enabled\":\"1\",\"fields\":{\"deskNumber\":\"15\",\"unavailableAvailable\":\"\"}},\"21\":{\"type\":\"desks\",\"enabled\":\"1\",\"fields\":{\"deskNumber\":\"16\",\"unavailableAvailable\":\"\"}}},\"1\":\"Located in Auckland and just a stone\'s throw away from Karangahape road, The Aviary has become a hotbed for creative success in New Zealand.\\r\\n\\r\\nThe collaborative nature of the way we like to work is echoed by the space itself. With high-vaulted ceilings, floods of natural light, and transparent barriers blurring the line between work and play. \\r\\n\\r\\nThe Aviary has fluctuating vacancies of hot desks with availability ranging from hours, days, and fixed-term durations. See below for current desk space, pricing, and enquiry contacts.\",\"9\":{\"22\":{\"type\":\"occupants\",\"enabled\":\"1\",\"fields\":{\"occupantName\":\"Pitch Studio\",\"occupantLink\":\"https:\\/\\/pitchstudio.co.nz\\/\"}},\"23\":{\"type\":\"occupants\",\"enabled\":\"1\",\"fields\":{\"occupantName\":\"Ghost Street\",\"occupantLink\":\"https:\\/\\/ghost.st\\/\"}},\"24\":{\"type\":\"occupants\",\"enabled\":\"1\",\"fields\":{\"occupantName\":\"Studio Everyday\",\"occupantLink\":\"https:\\/\\/studioeveryday.co.nz\\/\"}},\"25\":{\"type\":\"occupants\",\"enabled\":\"1\",\"fields\":{\"occupantName\":\"Plant Culture\",\"occupantLink\":\"https:\\/\\/www.plantculture.nz\\/\"}},\"26\":{\"type\":\"occupants\",\"enabled\":\"1\",\"fields\":{\"occupantName\":\"Sian Cottrell-Davies\",\"occupantLink\":\"\"}},\"27\":{\"type\":\"occupants\",\"enabled\":\"1\",\"fields\":{\"occupantName\":\"Louie Tong\",\"occupantLink\":\"https:\\/\\/louietong.net\\/\"}},\"28\":{\"type\":\"occupants\",\"enabled\":\"1\",\"fields\":{\"occupantName\":\"James Norman\",\"occupantLink\":\"https:\\/\\/assembly.co.nz\\/\"}},\"29\":{\"type\":\"occupants\",\"enabled\":\"1\",\"fields\":{\"occupantName\":\"Chirag Jandel\",\"occupantLink\":\"https:\\/\\/www.intotheunderworld.co.nz\\/\"}}}}}', '2017-11-21 18:12:08', '2017-11-21 18:12:08', '25619d4f-a7dd-4211-a74e-53f0f3d85aa4'),
 ('16', '5', '2', '1', 'en_nz', '2', '', '{\"typeId\":\"2\",\"authorId\":\"1\",\"title\":\"Into the Under World\",\"slug\":\"into-the-under-world\",\"postDate\":1511202780,\"expiryDate\":null,\"enabled\":1,\"parentId\":null,\"fields\":{\"5\":\"<p>Aenean nec sem sed metus commodo sodales. Pellentesque gravida pharetra nisi sed maximus. Praesent sodales neque sed est tempus ornare. Nulla eget lorem ut nulla tempus aliquet finibus vehicula justo.<\\/p>\\r\\n<p>Pellentesque auctor, diam iaculis aliquam vestibulum, orci lacus pretium arcu, non euismod nibh magna eget sapien. Nullam aliquam cursus nisl, sit amet dignissim nulla porttitor et. Etiam feugiat elementum diam, ac pellentesque nisi. Curabitur tincidunt in metus eu fermentum. Donec consectetur diam in sollicitudin luctus. Mauris sagittis nisl ac ligula fringilla rutrum. Phasellus bibendum ut justo eu ullamcorper.<\\/p>\\r\\n<p>Phasellus semper diam at dolor posuere accumsan. In gravida nisl at tristique dignissim. Proin porta convallis libero. Cras id diam rutrum, fringilla sem nec, venenatis elit. Sed odio nunc, volutpat eu libero et, gravida mollis velit. Maecenas commodo, erat ac gravida laoreet, eros est congue velit, vestibulum scelerisque enim sem sed lacus. Curabitur sed quam non sapien tempor faucibus. Vestibulum quis sem elit.<\\/p>\",\"2\":\"\"}}', '2017-11-21 19:21:07', '2017-11-21 19:21:07', '6dba68a8-5da4-41ff-a066-298a235f120e'),
 ('17', '2', '1', '1', 'en_nz', '14', '', '{\"typeId\":\"1\",\"authorId\":null,\"title\":\"The Aviary\",\"slug\":\"homepage\",\"postDate\":1511285888,\"expiryDate\":null,\"enabled\":1,\"parentId\":null,\"fields\":{\"12\":\"Price per week for a single desk is NZ$165, ex. GST; day rate NZ$30 inc. GST.\\r\\n\\r\\nFor more information stop by the studio for a chat, or flick us an email:\",\"6\":{\"6\":{\"type\":\"desks\",\"enabled\":\"1\",\"fields\":{\"deskNumber\":\"1\",\"unavailableAvailable\":\"\"}},\"7\":{\"type\":\"desks\",\"enabled\":\"1\",\"fields\":{\"deskNumber\":\"2\",\"unavailableAvailable\":\"1\"}},\"8\":{\"type\":\"desks\",\"enabled\":\"1\",\"fields\":{\"deskNumber\":\"3\",\"unavailableAvailable\":\"\"}},\"9\":{\"type\":\"desks\",\"enabled\":\"1\",\"fields\":{\"deskNumber\":\"4\",\"unavailableAvailable\":\"\"}},\"10\":{\"type\":\"desks\",\"enabled\":\"1\",\"fields\":{\"deskNumber\":\"5\",\"unavailableAvailable\":\"\"}},\"11\":{\"type\":\"desks\",\"enabled\":\"1\",\"fields\":{\"deskNumber\":\"6\",\"unavailableAvailable\":\"1\"}},\"12\":{\"type\":\"desks\",\"enabled\":\"1\",\"fields\":{\"deskNumber\":\"7\",\"unavailableAvailable\":\"\"}},\"13\":{\"type\":\"desks\",\"enabled\":\"1\",\"fields\":{\"deskNumber\":\"8\",\"unavailableAvailable\":\"\"}},\"14\":{\"type\":\"desks\",\"enabled\":\"1\",\"fields\":{\"deskNumber\":\"9\",\"unavailableAvailable\":\"1\"}},\"15\":{\"type\":\"desks\",\"enabled\":\"1\",\"fields\":{\"deskNumber\":\"10\",\"unavailableAvailable\":\"\"}},\"16\":{\"type\":\"desks\",\"enabled\":\"1\",\"fields\":{\"deskNumber\":\"11\",\"unavailableAvailable\":\"1\"}},\"17\":{\"type\":\"desks\",\"enabled\":\"1\",\"fields\":{\"deskNumber\":\"12\",\"unavailableAvailable\":\"\"}},\"18\":{\"type\":\"desks\",\"enabled\":\"1\",\"fields\":{\"deskNumber\":\"13\",\"unavailableAvailable\":\"\"}},\"19\":{\"type\":\"desks\",\"enabled\":\"1\",\"fields\":{\"deskNumber\":\"14\",\"unavailableAvailable\":\"\"}},\"20\":{\"type\":\"desks\",\"enabled\":\"1\",\"fields\":{\"deskNumber\":\"15\",\"unavailableAvailable\":\"\"}},\"21\":{\"type\":\"desks\",\"enabled\":\"1\",\"fields\":{\"deskNumber\":\"16\",\"unavailableAvailable\":\"\"}}},\"1\":\"Located in Auckland and just a stone\'s throw away from Karangahape road, The Aviary has become a hotbed for creative success in New Zealand.\\r\\n\\r\\nThe collaborative nature of the way we like to work is echoed by the space itself. With high-vaulted ceilings, floods of natural light, and transparent barriers blurring the line between work and play. \\r\\n\\r\\nThe Aviary has hot desks available for hours, days, and fixed-term durations. See below for current desk space, pricing, and enquiry contacts.\",\"9\":{\"22\":{\"type\":\"occupants\",\"enabled\":\"1\",\"fields\":{\"occupantName\":\"Pitch Studio\",\"occupantLink\":\"https:\\/\\/pitchstudio.co.nz\\/\"}},\"23\":{\"type\":\"occupants\",\"enabled\":\"1\",\"fields\":{\"occupantName\":\"Ghost Street\",\"occupantLink\":\"https:\\/\\/ghost.st\\/\"}},\"24\":{\"type\":\"occupants\",\"enabled\":\"1\",\"fields\":{\"occupantName\":\"Studio Everyday\",\"occupantLink\":\"https:\\/\\/studioeveryday.co.nz\\/\"}},\"25\":{\"type\":\"occupants\",\"enabled\":\"1\",\"fields\":{\"occupantName\":\"Plant Culture\",\"occupantLink\":\"https:\\/\\/www.plantculture.nz\\/\"}},\"26\":{\"type\":\"occupants\",\"enabled\":\"1\",\"fields\":{\"occupantName\":\"Sian Cottrell-Davies\",\"occupantLink\":\"\"}},\"27\":{\"type\":\"occupants\",\"enabled\":\"1\",\"fields\":{\"occupantName\":\"Louie Tong\",\"occupantLink\":\"https:\\/\\/louietong.net\\/\"}},\"28\":{\"type\":\"occupants\",\"enabled\":\"1\",\"fields\":{\"occupantName\":\"James Norman\",\"occupantLink\":\"https:\\/\\/assembly.co.nz\\/\"}},\"29\":{\"type\":\"occupants\",\"enabled\":\"1\",\"fields\":{\"occupantName\":\"Chirag Jandel\",\"occupantLink\":\"https:\\/\\/www.intotheunderworld.co.nz\\/\"}}}}}', '2017-11-21 19:45:48', '2017-11-21 19:45:48', 'a437a25c-e09d-4b4b-9c74-2d55f1d9c308');



DROP TABLE IF EXISTS `craft_fieldgroups`;


--
-- Schema for table `craft_fieldgroups`
--
CREATE TABLE `craft_fieldgroups` (
  `id` int(11) NOT NULL AUTO_INCREMENT,
  `name` varchar(255) COLLATE utf8_unicode_ci NOT NULL,
  `dateCreated` datetime NOT NULL,
  `dateUpdated` datetime NOT NULL,
  `uid` char(36) COLLATE utf8_unicode_ci NOT NULL DEFAULT '0',
  PRIMARY KEY (`id`),
  UNIQUE KEY `craft_fieldgroups_name_unq_idx` (`name`)
) ENGINE=InnoDB AUTO_INCREMENT=2 DEFAULT CHARSET=utf8 COLLATE=utf8_unicode_ci;

--
-- Data for table `craft_fieldgroups`
--

INSERT INTO `craft_fieldgroups` (`id`, `name`, `dateCreated`, `dateUpdated`, `uid`) VALUES
 ('1', 'Default', '2017-11-18 04:20:22', '2017-11-18 04:20:22', '3512d025-7c2c-4153-88a9-198ede436d48');



DROP TABLE IF EXISTS `craft_fieldlayoutfields`;


--
-- Schema for table `craft_fieldlayoutfields`
--
CREATE TABLE `craft_fieldlayoutfields` (
  `id` int(11) NOT NULL AUTO_INCREMENT,
  `layoutId` int(11) NOT NULL,
  `tabId` int(11) NOT NULL,
  `fieldId` int(11) NOT NULL,
  `required` tinyint(1) unsigned NOT NULL DEFAULT '0',
  `sortOrder` smallint(6) unsigned DEFAULT NULL,
  `dateCreated` datetime NOT NULL,
  `dateUpdated` datetime NOT NULL,
  `uid` char(36) COLLATE utf8_unicode_ci NOT NULL DEFAULT '0',
  PRIMARY KEY (`id`),
  UNIQUE KEY `craft_fieldlayoutfields_layoutId_fieldId_unq_idx` (`layoutId`,`fieldId`),
  KEY `craft_fieldlayoutfields_sortOrder_idx` (`sortOrder`),
  KEY `craft_fieldlayoutfields_tabId_fk` (`tabId`),
  KEY `craft_fieldlayoutfields_fieldId_fk` (`fieldId`)
) ENGINE=InnoDB AUTO_INCREMENT=26 DEFAULT CHARSET=utf8 COLLATE=utf8_unicode_ci;

--
-- Data for table `craft_fieldlayoutfields`
--

INSERT INTO `craft_fieldlayoutfields` (`id`, `layoutId`, `tabId`, `fieldId`, `required`, `sortOrder`, `dateCreated`, `dateUpdated`, `uid`) VALUES
 ('2', '4', '2', '3', '0', '1', '2017-11-19 08:28:37', '2017-11-19 08:28:37', 'e98f3613-5903-465d-8785-2c487d7f7a68'),
 ('3', '4', '2', '4', '0', '2', '2017-11-19 08:28:37', '2017-11-19 08:28:37', '0d06d619-f3dd-4724-b2b1-d0db3a578385'),
 ('4', '6', '3', '5', '1', '1', '2017-11-20 18:32:22', '2017-11-20 18:32:22', 'd5d41393-f6e4-44ea-9f1b-aad37c234564'),
 ('5', '6', '3', '2', '0', '2', '2017-11-20 18:32:22', '2017-11-20 18:32:22', 'e403796c-fe85-47a1-a336-2a54a0341616'),
 ('15', '13', '10', '8', '0', '1', '2017-11-21 17:45:42', '2017-11-21 17:45:42', 'bffb1b7c-c7a8-4cce-a1b6-2ad28eb2cbf1'),
 ('16', '13', '10', '7', '0', '2', '2017-11-21 17:45:42', '2017-11-21 17:45:42', '363d687f-1dcd-4d29-87f9-84047209be30'),
 ('17', '14', '11', '10', '1', '1', '2017-11-21 17:48:06', '2017-11-21 17:48:06', '34d74396-ac91-43fa-9429-80774decb967'),
 ('18', '14', '11', '11', '0', '2', '2017-11-21 17:48:06', '2017-11-21 17:48:06', '544ca178-326b-4199-a614-e10f7c40f597'),
 ('22', '16', '15', '1', '1', '1', '2017-11-21 17:49:40', '2017-11-21 17:49:40', 'a70b8d78-3306-4d1d-82e4-ee7b82e0785e'),
 ('23', '16', '16', '9', '0', '1', '2017-11-21 17:49:40', '2017-11-21 17:49:40', 'bf2d6f65-9488-4125-8209-2a3188cac274'),
 ('24', '16', '17', '6', '0', '1', '2017-11-21 17:49:40', '2017-11-21 17:49:40', '8b34a9a1-59f4-424a-9319-f2867ee89da3'),
 ('25', '16', '17', '12', '0', '2', '2017-11-21 17:49:40', '2017-11-21 17:49:40', '7aba7274-f1fc-4c05-82ec-77c895324ce3');



DROP TABLE IF EXISTS `craft_fieldlayouts`;


--
-- Schema for table `craft_fieldlayouts`
--
CREATE TABLE `craft_fieldlayouts` (
  `id` int(11) NOT NULL AUTO_INCREMENT,
  `type` varchar(150) COLLATE utf8_unicode_ci NOT NULL,
  `dateCreated` datetime NOT NULL,
  `dateUpdated` datetime NOT NULL,
  `uid` char(36) COLLATE utf8_unicode_ci NOT NULL DEFAULT '0',
  PRIMARY KEY (`id`),
  KEY `craft_fieldlayouts_type_idx` (`type`)
) ENGINE=InnoDB AUTO_INCREMENT=18 DEFAULT CHARSET=utf8 COLLATE=utf8_unicode_ci;

--
-- Data for table `craft_fieldlayouts`
--

INSERT INTO `craft_fieldlayouts` (`id`, `type`, `dateCreated`, `dateUpdated`, `uid`) VALUES
 ('1', 'Tag', '2017-11-18 04:20:22', '2017-11-18 04:20:22', 'd6521a27-8173-455a-90e6-044dedd60880'),
 ('4', 'GlobalSet', '2017-11-19 08:28:37', '2017-11-19 08:28:37', 'e46cda01-2fdb-41f0-8162-4e3d79f26f7a'),
 ('6', 'Entry', '2017-11-20 18:32:22', '2017-11-20 18:32:22', 'ad347ae9-9b45-4a75-87d8-74fe16d303c5'),
 ('13', 'MatrixBlock', '2017-11-21 17:45:42', '2017-11-21 17:45:42', 'b525cbd3-42e7-48ba-807d-8628f088a690'),
 ('14', 'MatrixBlock', '2017-11-21 17:48:06', '2017-11-21 17:48:06', 'ce97f96f-0772-467b-a663-a3c2314ecd88'),
 ('16', 'Entry', '2017-11-21 17:49:40', '2017-11-21 17:49:40', 'ea657e02-9995-45c3-a71f-613a0d3330b3'),
 ('17', 'Asset', '2017-11-21 17:56:42', '2017-11-21 17:56:42', 'ef413566-fa09-4d38-b729-d081362c1404');



DROP TABLE IF EXISTS `craft_fieldlayouttabs`;


--
-- Schema for table `craft_fieldlayouttabs`
--
CREATE TABLE `craft_fieldlayouttabs` (
  `id` int(11) NOT NULL AUTO_INCREMENT,
  `layoutId` int(11) NOT NULL,
  `name` varchar(255) COLLATE utf8_unicode_ci NOT NULL,
  `sortOrder` smallint(6) unsigned DEFAULT NULL,
  `dateCreated` datetime NOT NULL,
  `dateUpdated` datetime NOT NULL,
  `uid` char(36) COLLATE utf8_unicode_ci NOT NULL DEFAULT '0',
  PRIMARY KEY (`id`),
  KEY `craft_fieldlayouttabs_sortOrder_idx` (`sortOrder`),
  KEY `craft_fieldlayouttabs_layoutId_fk` (`layoutId`)
) ENGINE=InnoDB AUTO_INCREMENT=18 DEFAULT CHARSET=utf8 COLLATE=utf8_unicode_ci;

--
-- Data for table `craft_fieldlayouttabs`
--

INSERT INTO `craft_fieldlayouttabs` (`id`, `layoutId`, `name`, `sortOrder`, `dateCreated`, `dateUpdated`, `uid`) VALUES
 ('2', '4', 'Content', '1', '2017-11-19 08:28:37', '2017-11-19 08:28:37', 'f4992a31-5056-42ce-9e81-5b1b0e21d43f'),
 ('3', '6', 'Content', '1', '2017-11-20 18:32:22', '2017-11-20 18:32:22', 'b7f96213-3217-424f-a1e5-c813110596c4'),
 ('10', '13', 'Content', '1', '2017-11-21 17:45:42', '2017-11-21 17:45:42', '9b3a2e0f-1a54-41c9-a7d4-8826c33d8be6'),
 ('11', '14', 'Content', '1', '2017-11-21 17:48:06', '2017-11-21 17:48:06', 'cf0d1b7f-98d2-4e0d-8f1a-60b4fabd23de'),
 ('15', '16', 'Introduction', '1', '2017-11-21 17:49:40', '2017-11-21 17:49:40', '0aefed42-7453-4020-a418-7847703b2363'),
 ('16', '16', 'Occupants', '2', '2017-11-21 17:49:40', '2017-11-21 17:49:40', '082851b2-634b-4eed-94f7-5c59f7777ee8'),
 ('17', '16', 'Desks', '3', '2017-11-21 17:49:40', '2017-11-21 17:49:40', '704c778c-5c3d-491f-81fe-c6f4730658cc');



DROP TABLE IF EXISTS `craft_fields`;


--
-- Schema for table `craft_fields`
--
CREATE TABLE `craft_fields` (
  `id` int(11) NOT NULL AUTO_INCREMENT,
  `groupId` int(11) DEFAULT NULL,
  `name` varchar(255) COLLATE utf8_unicode_ci NOT NULL,
  `handle` varchar(58) COLLATE utf8_unicode_ci NOT NULL,
  `context` varchar(255) COLLATE utf8_unicode_ci NOT NULL DEFAULT 'global',
  `instructions` text COLLATE utf8_unicode_ci,
  `translatable` tinyint(1) unsigned NOT NULL DEFAULT '0',
  `type` varchar(150) COLLATE utf8_unicode_ci NOT NULL,
  `settings` text COLLATE utf8_unicode_ci,
  `dateCreated` datetime NOT NULL,
  `dateUpdated` datetime NOT NULL,
  `uid` char(36) COLLATE utf8_unicode_ci NOT NULL DEFAULT '0',
  PRIMARY KEY (`id`),
  UNIQUE KEY `craft_fields_handle_context_unq_idx` (`handle`,`context`),
  KEY `craft_fields_context_idx` (`context`),
  KEY `craft_fields_groupId_fk` (`groupId`)
) ENGINE=InnoDB AUTO_INCREMENT=13 DEFAULT CHARSET=utf8 COLLATE=utf8_unicode_ci;

--
-- Data for table `craft_fields`
--

INSERT INTO `craft_fields` (`id`, `groupId`, `name`, `handle`, `context`, `instructions`, `translatable`, `type`, `settings`, `dateCreated`, `dateUpdated`, `uid`) VALUES
 ('1', '1', 'Intro', 'intro', 'global', '', '0', 'PlainText', '{\"placeholder\":\"\",\"maxLength\":\"\",\"multiline\":\"1\",\"initialRows\":\"4\"}', '2017-11-18 04:20:23', '2017-11-19 08:27:56', '75b36031-4e8b-4483-8d3e-e39a61c5ac16'),
 ('2', '1', 'Tags', 'tags', 'global', NULL, '0', 'Tags', '{\"source\":\"taggroup:1\"}', '2017-11-18 04:20:23', '2017-11-18 04:20:23', '5a878646-0055-433a-aaa6-4a7515b4c895'),
 ('3', '1', 'Email', 'email', 'global', '', '0', 'PlainText', '{\"placeholder\":\"\",\"maxLength\":\"\",\"multiline\":\"\",\"initialRows\":\"4\"}', '2017-11-19 08:28:03', '2017-11-19 08:28:03', '0e15cc80-19d2-434e-9157-fa79faeffd07'),
 ('4', '1', 'Address', 'address', 'global', '', '0', 'PlainText', '{\"placeholder\":\"\",\"maxLength\":\"\",\"multiline\":\"\",\"initialRows\":\"4\"}', '2017-11-19 08:28:10', '2017-11-19 08:28:10', 'eb18df2e-e1cf-4a82-bfe2-2efcaca50dad'),
 ('5', '1', 'Paragraph', 'paragraph', 'global', '', '0', 'RichText', '{\"configFile\":\"Simple.json\",\"availableAssetSources\":\"*\",\"availableTransforms\":\"*\",\"cleanupHtml\":\"1\",\"purifyHtml\":\"1\",\"purifierConfig\":\"\",\"columnType\":\"text\"}', '2017-11-20 18:31:56', '2017-11-20 18:31:56', '4449908d-80c1-4d5e-ae04-60aed48b8a2d'),
 ('6', '1', 'Desks', 'desks', 'global', '', '0', 'Matrix', '{\"maxBlocks\":\"16\"}', '2017-11-21 17:37:55', '2017-11-21 17:45:42', '296c1be0-a6a1-4f6f-a171-31e3657d8316'),
 ('7', NULL, 'Unavailable/Available', 'unavailableAvailable', 'matrixBlockType:1', '', '0', 'Lightswitch', '{\"default\":\"\"}', '2017-11-21 17:37:55', '2017-11-21 17:45:42', 'd89db946-5afd-485c-838e-21a3edde87c7'),
 ('8', NULL, 'Desk Number', 'deskNumber', 'matrixBlockType:1', '', '0', 'Number', '{\"min\":\"0\",\"max\":\"16\",\"decimals\":\"0\"}', '2017-11-21 17:41:13', '2017-11-21 17:45:42', '2a101a9d-89e0-4d51-8003-850bc9f7aa5d'),
 ('9', '1', 'Occupants', 'occupants', 'global', '', '0', 'Matrix', '{\"maxBlocks\":null}', '2017-11-21 17:48:06', '2017-11-21 17:48:06', 'e3772449-a12f-46af-baa8-836c04d32cb5'),
 ('10', NULL, 'Occupant Name', 'occupantName', 'matrixBlockType:2', '', '0', 'PlainText', '{\"placeholder\":\"\",\"maxLength\":\"\",\"multiline\":\"\",\"initialRows\":\"4\"}', '2017-11-21 17:48:06', '2017-11-21 17:48:06', '6ae7f581-7b9a-494e-9958-37f6542aba8d'),
 ('11', NULL, 'Occupant Link', 'occupantLink', 'matrixBlockType:2', '', '0', 'PlainText', '{\"placeholder\":\"\",\"maxLength\":\"\",\"multiline\":\"\",\"initialRows\":\"4\"}', '2017-11-21 17:48:06', '2017-11-21 17:48:06', 'cb58e794-f92b-49db-9e10-33a191ebbf82'),
 ('12', '1', 'Desk Information', 'deskInformation', 'global', '', '0', 'PlainText', '{\"placeholder\":\"\",\"maxLength\":\"\",\"multiline\":\"1\",\"initialRows\":\"3\"}', '2017-11-21 17:49:28', '2017-11-21 17:50:46', 'f84c8256-3f6d-4448-8991-60dad8fd0b24');



DROP TABLE IF EXISTS `craft_globalsets`;


--
-- Schema for table `craft_globalsets`
--
CREATE TABLE `craft_globalsets` (
  `id` int(11) NOT NULL,
  `name` varchar(255) COLLATE utf8_unicode_ci NOT NULL,
  `handle` varchar(255) COLLATE utf8_unicode_ci NOT NULL,
  `fieldLayoutId` int(10) DEFAULT NULL,
  `dateCreated` datetime NOT NULL,
  `dateUpdated` datetime NOT NULL,
  `uid` char(36) COLLATE utf8_unicode_ci NOT NULL DEFAULT '0',
  PRIMARY KEY (`id`),
  UNIQUE KEY `craft_globalsets_name_unq_idx` (`name`),
  UNIQUE KEY `craft_globalsets_handle_unq_idx` (`handle`),
  KEY `craft_globalsets_fieldLayoutId_fk` (`fieldLayoutId`)
) ENGINE=InnoDB DEFAULT CHARSET=utf8 COLLATE=utf8_unicode_ci;

--
-- Data for table `craft_globalsets`
--

INSERT INTO `craft_globalsets` (`id`, `name`, `handle`, `fieldLayoutId`, `dateCreated`, `dateUpdated`, `uid`) VALUES
 ('3', 'Contact', 'contact', '4', '2017-11-19 08:28:37', '2017-11-19 08:28:37', 'b3717410-46b4-4625-b356-90a3d5f9507c');



DROP TABLE IF EXISTS `craft_info`;


--
-- Schema for table `craft_info`
--
CREATE TABLE `craft_info` (
  `id` int(11) NOT NULL AUTO_INCREMENT,
  `version` varchar(50) COLLATE utf8_unicode_ci NOT NULL,
  `schemaVersion` varchar(15) COLLATE utf8_unicode_ci NOT NULL,
  `edition` tinyint(1) unsigned NOT NULL DEFAULT '0',
  `siteName` varchar(100) COLLATE utf8_unicode_ci NOT NULL,
  `siteUrl` varchar(255) COLLATE utf8_unicode_ci NOT NULL,
  `timezone` varchar(30) COLLATE utf8_unicode_ci DEFAULT NULL,
  `on` tinyint(1) unsigned NOT NULL DEFAULT '0',
  `maintenance` tinyint(1) unsigned NOT NULL DEFAULT '0',
  `dateCreated` datetime NOT NULL,
  `dateUpdated` datetime NOT NULL,
  `uid` char(36) COLLATE utf8_unicode_ci NOT NULL DEFAULT '0',
  PRIMARY KEY (`id`)
) ENGINE=InnoDB AUTO_INCREMENT=2 DEFAULT CHARSET=utf8 COLLATE=utf8_unicode_ci;

--
-- Data for table `craft_info`
--

INSERT INTO `craft_info` (`id`, `version`, `schemaVersion`, `edition`, `siteName`, `siteUrl`, `timezone`, `on`, `maintenance`, `dateCreated`, `dateUpdated`, `uid`) VALUES
 ('1', '2.6.2997', '2.6.11', '0', 'The Aviary', 'http://139.59.103.74', 'UTC', '1', '0', '2017-11-18 04:20:20', '2017-11-18 04:20:20', '2b643e15-a0ba-4736-be64-76307fba5dd4');



DROP TABLE IF EXISTS `craft_locales`;


--
-- Schema for table `craft_locales`
--
CREATE TABLE `craft_locales` (
  `locale` char(12) COLLATE utf8_unicode_ci NOT NULL,
  `sortOrder` smallint(6) unsigned DEFAULT NULL,
  `dateCreated` datetime NOT NULL,
  `dateUpdated` datetime NOT NULL,
  `uid` char(36) COLLATE utf8_unicode_ci NOT NULL DEFAULT '0',
  PRIMARY KEY (`locale`),
  KEY `craft_locales_sortOrder_idx` (`sortOrder`)
) ENGINE=InnoDB DEFAULT CHARSET=utf8 COLLATE=utf8_unicode_ci;

--
-- Data for table `craft_locales`
--

INSERT INTO `craft_locales` (`locale`, `sortOrder`, `dateCreated`, `dateUpdated`, `uid`) VALUES
 ('en_nz', '1', '2017-11-18 04:20:20', '2017-11-18 04:20:20', 'cfc48339-8062-4b14-9911-90c59205aed2');



DROP TABLE IF EXISTS `craft_matrixblocks`;


--
-- Schema for table `craft_matrixblocks`
--
CREATE TABLE `craft_matrixblocks` (
  `id` int(11) NOT NULL,
  `ownerId` int(11) NOT NULL,
  `fieldId` int(11) NOT NULL,
  `typeId` int(11) DEFAULT NULL,
  `sortOrder` smallint(6) unsigned DEFAULT NULL,
  `ownerLocale` char(12) COLLATE utf8_unicode_ci DEFAULT NULL,
  `dateCreated` datetime NOT NULL,
  `dateUpdated` datetime NOT NULL,
  `uid` char(36) COLLATE utf8_unicode_ci NOT NULL DEFAULT '0',
  PRIMARY KEY (`id`),
  KEY `craft_matrixblocks_ownerId_idx` (`ownerId`),
  KEY `craft_matrixblocks_fieldId_idx` (`fieldId`),
  KEY `craft_matrixblocks_typeId_idx` (`typeId`),
  KEY `craft_matrixblocks_sortOrder_idx` (`sortOrder`),
  KEY `craft_matrixblocks_ownerLocale_fk` (`ownerLocale`)
) ENGINE=InnoDB DEFAULT CHARSET=utf8 COLLATE=utf8_unicode_ci;

--
-- Data for table `craft_matrixblocks`
--

INSERT INTO `craft_matrixblocks` (`id`, `ownerId`, `fieldId`, `typeId`, `sortOrder`, `ownerLocale`, `dateCreated`, `dateUpdated`, `uid`) VALUES
 ('6', '2', '6', '1', '1', NULL, '2017-11-21 17:38:43', '2017-11-21 19:45:48', '34be0688-f5f4-4f38-9206-d85f4905a0ff'),
 ('7', '2', '6', '1', '2', NULL, '2017-11-21 17:42:59', '2017-11-21 19:45:48', '1afef4e3-b535-49d7-8631-17333e3e05f3'),
 ('8', '2', '6', '1', '3', NULL, '2017-11-21 17:42:59', '2017-11-21 19:45:48', '63dc3e37-1393-4fab-88ec-81327f3bbe39'),
 ('9', '2', '6', '1', '4', NULL, '2017-11-21 17:42:59', '2017-11-21 19:45:48', '26cfb456-89af-478b-9752-6c52ec00b674'),
 ('10', '2', '6', '1', '5', NULL, '2017-11-21 17:42:59', '2017-11-21 19:45:48', 'ea38e262-e091-4a82-82cf-0830dbb70c33'),
 ('11', '2', '6', '1', '6', NULL, '2017-11-21 17:42:59', '2017-11-21 19:45:48', '5899be13-6b03-4387-b4ff-1d34c583b364'),
 ('12', '2', '6', '1', '7', NULL, '2017-11-21 17:42:59', '2017-11-21 19:45:48', '243fc881-f319-4690-aa6c-48848902c6f7'),
 ('13', '2', '6', '1', '8', NULL, '2017-11-21 17:42:59', '2017-11-21 19:45:48', 'e0ae4796-f948-48c1-bb32-7ce8b0d57146'),
 ('14', '2', '6', '1', '9', NULL, '2017-11-21 17:45:03', '2017-11-21 19:45:48', '7076baff-d80a-4eb7-8328-3e1144fd7d67'),
 ('15', '2', '6', '1', '10', NULL, '2017-11-21 17:45:03', '2017-11-21 19:45:48', '025a8dfb-a276-447b-b2e0-50b8402a6cef'),
 ('16', '2', '6', '1', '11', NULL, '2017-11-21 17:45:03', '2017-11-21 19:45:48', 'bf32bf31-6115-4e4b-a149-22dc8454520a'),
 ('17', '2', '6', '1', '12', NULL, '2017-11-21 17:45:03', '2017-11-21 19:45:48', 'b3f1c817-ef44-468f-84e1-3cf9d1df39d7'),
 ('18', '2', '6', '1', '13', NULL, '2017-11-21 17:45:03', '2017-11-21 19:45:48', '8e5d710f-18d9-4cfe-86d0-390df3a13469'),
 ('19', '2', '6', '1', '14', NULL, '2017-11-21 17:45:03', '2017-11-21 19:45:48', 'bfc2de97-46f5-41ea-b3ae-208173c1300a'),
 ('20', '2', '6', '1', '15', NULL, '2017-11-21 17:45:03', '2017-11-21 19:45:48', '77828742-c2d1-493a-89a2-c6892aa3252d'),
 ('21', '2', '6', '1', '16', NULL, '2017-11-21 17:45:03', '2017-11-21 19:45:48', '64a71d8a-40c6-4f83-a174-0733a633fec2'),
 ('22', '2', '9', '2', '1', NULL, '2017-11-21 17:53:11', '2017-11-21 19:45:48', 'bb081526-a5ab-422b-876c-18dfc2e7ea87'),
 ('23', '2', '9', '2', '2', NULL, '2017-11-21 17:53:11', '2017-11-21 19:45:48', '5ea1b076-1e92-4942-8a44-b6da912f8b71'),
 ('24', '2', '9', '2', '3', NULL, '2017-11-21 17:53:11', '2017-11-21 19:45:48', '610f9deb-2c7b-42c1-8d37-9f4941926bb6'),
 ('25', '2', '9', '2', '4', NULL, '2017-11-21 17:53:11', '2017-11-21 19:45:48', 'd8be9d70-655a-44f5-87f7-3e3fdd3fdd59'),
 ('26', '2', '9', '2', '5', NULL, '2017-11-21 17:53:11', '2017-11-21 19:45:48', 'c892865e-699c-4b2b-b5c3-47d9ad4948f6'),
 ('27', '2', '9', '2', '6', NULL, '2017-11-21 17:53:11', '2017-11-21 19:45:48', '332aa3e2-1a51-4367-8637-11a458d30571'),
 ('28', '2', '9', '2', '7', NULL, '2017-11-21 17:53:11', '2017-11-21 19:45:48', '90c57a7a-478d-48a9-845a-e0b95eaa4c89'),
 ('29', '2', '9', '2', '8', NULL, '2017-11-21 17:53:11', '2017-11-21 19:45:48', '22862f1e-e038-43b7-84b3-a767898ec4a7');



DROP TABLE IF EXISTS `craft_matrixblocktypes`;


--
-- Schema for table `craft_matrixblocktypes`
--
CREATE TABLE `craft_matrixblocktypes` (
  `id` int(11) NOT NULL AUTO_INCREMENT,
  `fieldId` int(11) NOT NULL,
  `fieldLayoutId` int(11) DEFAULT NULL,
  `name` varchar(255) COLLATE utf8_unicode_ci NOT NULL,
  `handle` varchar(255) COLLATE utf8_unicode_ci NOT NULL,
  `sortOrder` smallint(6) unsigned DEFAULT NULL,
  `dateCreated` datetime NOT NULL,
  `dateUpdated` datetime NOT NULL,
  `uid` char(36) COLLATE utf8_unicode_ci NOT NULL DEFAULT '0',
  PRIMARY KEY (`id`),
  UNIQUE KEY `craft_matrixblocktypes_name_fieldId_unq_idx` (`name`,`fieldId`),
  UNIQUE KEY `craft_matrixblocktypes_handle_fieldId_unq_idx` (`handle`,`fieldId`),
  KEY `craft_matrixblocktypes_fieldId_fk` (`fieldId`),
  KEY `craft_matrixblocktypes_fieldLayoutId_fk` (`fieldLayoutId`)
) ENGINE=InnoDB AUTO_INCREMENT=3 DEFAULT CHARSET=utf8 COLLATE=utf8_unicode_ci;

--
-- Data for table `craft_matrixblocktypes`
--

INSERT INTO `craft_matrixblocktypes` (`id`, `fieldId`, `fieldLayoutId`, `name`, `handle`, `sortOrder`, `dateCreated`, `dateUpdated`, `uid`) VALUES
 ('1', '6', '13', 'Desks', 'desks', '1', '2017-11-21 17:37:55', '2017-11-21 17:45:42', '91466d21-cee1-47e0-93c9-104047ba6b58'),
 ('2', '9', '14', 'Occupants', 'occupants', '1', '2017-11-21 17:48:06', '2017-11-21 17:48:06', '17197d31-4b1a-44c8-9785-db4473f378be');



DROP TABLE IF EXISTS `craft_matrixcontent_desks`;


--
-- Schema for table `craft_matrixcontent_desks`
--
CREATE TABLE `craft_matrixcontent_desks` (
  `id` int(11) NOT NULL AUTO_INCREMENT,
  `elementId` int(11) NOT NULL,
  `locale` char(12) COLLATE utf8_unicode_ci NOT NULL,
  `field_desks_unavailableAvailable` tinyint(1) unsigned NOT NULL DEFAULT '0',
  `field_desks_deskNumber` tinyint(2) unsigned DEFAULT '0',
  `dateCreated` datetime NOT NULL,
  `dateUpdated` datetime NOT NULL,
  `uid` char(36) COLLATE utf8_unicode_ci NOT NULL DEFAULT '0',
  PRIMARY KEY (`id`),
  UNIQUE KEY `craft_matrixcontent_desks_elementId_locale_unq_idx` (`elementId`,`locale`),
  KEY `craft_matrixcontent_desks_locale_fk` (`locale`)
) ENGINE=InnoDB AUTO_INCREMENT=17 DEFAULT CHARSET=utf8 COLLATE=utf8_unicode_ci;

--
-- Data for table `craft_matrixcontent_desks`
--

INSERT INTO `craft_matrixcontent_desks` (`id`, `elementId`, `locale`, `field_desks_unavailableAvailable`, `field_desks_deskNumber`, `dateCreated`, `dateUpdated`, `uid`) VALUES
 ('1', '6', 'en_nz', '0', '1', '2017-11-21 17:38:43', '2017-11-21 19:45:48', 'bd1eca0e-5f83-4085-944e-bed7338485e0'),
 ('2', '7', 'en_nz', '1', '2', '2017-11-21 17:42:59', '2017-11-21 19:45:48', '642d438a-ae8e-4b9b-af0b-9701575c87fb'),
 ('3', '8', 'en_nz', '0', '3', '2017-11-21 17:42:59', '2017-11-21 19:45:48', '8dfd9e01-ca28-4759-8c1a-09eaefb5ee2f'),
 ('4', '9', 'en_nz', '0', '4', '2017-11-21 17:42:59', '2017-11-21 19:45:48', 'eb4a382e-6d27-49f9-92cc-292fd96b9b19'),
 ('5', '10', 'en_nz', '0', '5', '2017-11-21 17:42:59', '2017-11-21 19:45:48', '5c2c9323-9d33-4cbc-9317-12871be9ef1f'),
 ('6', '11', 'en_nz', '1', '6', '2017-11-21 17:42:59', '2017-11-21 19:45:48', '4a682244-4bcc-4118-887a-602e3665912c'),
 ('7', '12', 'en_nz', '0', '7', '2017-11-21 17:42:59', '2017-11-21 19:45:48', 'f024a455-51c3-462c-ab6e-b85012574bb4'),
 ('8', '13', 'en_nz', '0', '8', '2017-11-21 17:42:59', '2017-11-21 19:45:48', '34f50cd9-6468-4962-95d4-f10cea4beac7'),
 ('9', '14', 'en_nz', '1', '9', '2017-11-21 17:45:03', '2017-11-21 19:45:48', '6aa4e6b7-fea3-4eb6-b64f-6346ec2d99b3'),
 ('10', '15', 'en_nz', '0', '10', '2017-11-21 17:45:03', '2017-11-21 19:45:48', '055c7271-1d42-42c3-8881-0754ce9926b9'),
 ('11', '16', 'en_nz', '1', '11', '2017-11-21 17:45:03', '2017-11-21 19:45:48', '7a196702-e979-4b40-b211-2df18a677e65'),
 ('12', '17', 'en_nz', '0', '12', '2017-11-21 17:45:03', '2017-11-21 19:45:48', 'f117f64d-7d0c-4260-bd93-aec487a8bbd1'),
 ('13', '18', 'en_nz', '0', '13', '2017-11-21 17:45:03', '2017-11-21 19:45:48', '1a0f1f5a-d079-4e6b-a2cd-eba56e8bfdaf'),
 ('14', '19', 'en_nz', '0', '14', '2017-11-21 17:45:03', '2017-11-21 19:45:48', 'bf5d7ce8-cf0b-4033-9980-362250857c95'),
 ('15', '20', 'en_nz', '0', '15', '2017-11-21 17:45:03', '2017-11-21 19:45:48', '1a7f7564-0751-4f3d-9057-7df021da1cd0'),
 ('16', '21', 'en_nz', '0', '16', '2017-11-21 17:45:03', '2017-11-21 19:45:48', '97d45618-21ee-4c45-8cac-d1ca3780d958');



DROP TABLE IF EXISTS `craft_matrixcontent_occupants`;


--
-- Schema for table `craft_matrixcontent_occupants`
--
CREATE TABLE `craft_matrixcontent_occupants` (
  `id` int(11) NOT NULL AUTO_INCREMENT,
  `elementId` int(11) NOT NULL,
  `locale` char(12) COLLATE utf8_unicode_ci NOT NULL,
  `field_occupants_occupantName` text COLLATE utf8_unicode_ci,
  `field_occupants_occupantLink` text COLLATE utf8_unicode_ci,
  `dateCreated` datetime NOT NULL,
  `dateUpdated` datetime NOT NULL,
  `uid` char(36) COLLATE utf8_unicode_ci NOT NULL DEFAULT '0',
  PRIMARY KEY (`id`),
  UNIQUE KEY `craft_matrixcontent_occupants_elementId_locale_unq_idx` (`elementId`,`locale`),
  KEY `craft_matrixcontent_occupants_locale_fk` (`locale`)
) ENGINE=InnoDB AUTO_INCREMENT=9 DEFAULT CHARSET=utf8 COLLATE=utf8_unicode_ci;

--
-- Data for table `craft_matrixcontent_occupants`
--

INSERT INTO `craft_matrixcontent_occupants` (`id`, `elementId`, `locale`, `field_occupants_occupantName`, `field_occupants_occupantLink`, `dateCreated`, `dateUpdated`, `uid`) VALUES
 ('1', '22', 'en_nz', 'Pitch Studio', 'https://pitchstudio.co.nz/', '2017-11-21 17:53:11', '2017-11-21 19:45:48', '8fd5bf04-6e42-47f0-9405-53c5965e1533'),
 ('2', '23', 'en_nz', 'Ghost Street', 'https://ghost.st/', '2017-11-21 17:53:11', '2017-11-21 19:45:48', '76ffdba0-6b4b-442a-8306-c6aebbad90f8'),
 ('3', '24', 'en_nz', 'Studio Everyday', 'https://studioeveryday.co.nz/', '2017-11-21 17:53:11', '2017-11-21 19:45:48', 'e9645307-5e54-4e86-9e98-93ebf5615742'),
 ('4', '25', 'en_nz', 'Plant Culture', 'https://www.plantculture.nz/', '2017-11-21 17:53:11', '2017-11-21 19:45:48', '75be538e-99ec-4c53-a786-ab334dec1422'),
 ('5', '26', 'en_nz', 'Sian Cottrell-Davies', '', '2017-11-21 17:53:11', '2017-11-21 19:45:48', 'a9918cf4-1b43-4d29-9e4d-11fbf1e0d86e'),
 ('6', '27', 'en_nz', 'Louie Tong', 'https://louietong.net/', '2017-11-21 17:53:11', '2017-11-21 19:45:48', '03f0058e-f67d-4b53-8c08-5b78d9a3efa7'),
 ('7', '28', 'en_nz', 'James Norman', 'https://assembly.co.nz/', '2017-11-21 17:53:11', '2017-11-21 19:45:48', 'bf8d8b3b-0c83-40db-9ac6-ed6e0ca90ee2'),
 ('8', '29', 'en_nz', 'Chirag Jandel', 'https://www.intotheunderworld.co.nz/', '2017-11-21 17:53:11', '2017-11-21 19:45:48', 'c8ea0fa3-8080-40e4-b3c3-d5480fd1ca6a');



DROP TABLE IF EXISTS `craft_migrations`;


--
-- Schema for table `craft_migrations`
--
CREATE TABLE `craft_migrations` (
  `id` int(11) NOT NULL AUTO_INCREMENT,
  `pluginId` int(11) DEFAULT NULL,
  `version` varchar(255) COLLATE utf8_unicode_ci NOT NULL,
  `applyTime` datetime NOT NULL,
  `dateCreated` datetime NOT NULL,
  `dateUpdated` datetime NOT NULL,
  `uid` char(36) COLLATE utf8_unicode_ci NOT NULL DEFAULT '0',
  PRIMARY KEY (`id`),
  UNIQUE KEY `craft_migrations_version_unq_idx` (`version`),
  KEY `craft_migrations_pluginId_fk` (`pluginId`)
) ENGINE=InnoDB AUTO_INCREMENT=66 DEFAULT CHARSET=utf8 COLLATE=utf8_unicode_ci;

--
-- Data for table `craft_migrations`
--

INSERT INTO `craft_migrations` (`id`, `pluginId`, `version`, `applyTime`, `dateCreated`, `dateUpdated`, `uid`) VALUES
 ('1', NULL, 'm000000_000000_base', '2017-11-18 04:20:20', '2017-11-18 04:20:20', '2017-11-18 04:20:20', '2fedffdf-ff7c-4e9c-a20b-dad6beda6e23'),
 ('2', NULL, 'm140730_000001_add_filename_and_format_to_transformindex', '2017-11-18 04:20:20', '2017-11-18 04:20:20', '2017-11-18 04:20:20', '4e05b010-7630-418d-b557-c62adea579c5'),
 ('3', NULL, 'm140815_000001_add_format_to_transforms', '2017-11-18 04:20:20', '2017-11-18 04:20:20', '2017-11-18 04:20:20', '4c571f8b-ea12-4d66-a1f8-975b9fe0fef5'),
 ('4', NULL, 'm140822_000001_allow_more_than_128_items_per_field', '2017-11-18 04:20:20', '2017-11-18 04:20:20', '2017-11-18 04:20:20', '5fd208e1-9af5-48bd-b4e4-2489b32add63'),
 ('5', NULL, 'm140829_000001_single_title_formats', '2017-11-18 04:20:20', '2017-11-18 04:20:20', '2017-11-18 04:20:20', '886d4cac-536c-4295-83ea-f7c9c919c992'),
 ('6', NULL, 'm140831_000001_extended_cache_keys', '2017-11-18 04:20:20', '2017-11-18 04:20:20', '2017-11-18 04:20:20', 'a8539ef1-2b65-4887-bb16-b5803989e651'),
 ('7', NULL, 'm140922_000001_delete_orphaned_matrix_blocks', '2017-11-18 04:20:20', '2017-11-18 04:20:20', '2017-11-18 04:20:20', 'c0aef1d7-7978-462b-8855-fe533620146f'),
 ('8', NULL, 'm141008_000001_elements_index_tune', '2017-11-18 04:20:20', '2017-11-18 04:20:20', '2017-11-18 04:20:20', '8ae597f6-0eac-4bb5-82d1-515eb96501a5'),
 ('9', NULL, 'm141009_000001_assets_source_handle', '2017-11-18 04:20:20', '2017-11-18 04:20:20', '2017-11-18 04:20:20', 'e1f41646-f492-4ee6-9bba-92328e603a25'),
 ('10', NULL, 'm141024_000001_field_layout_tabs', '2017-11-18 04:20:20', '2017-11-18 04:20:20', '2017-11-18 04:20:20', 'c0afd345-aaa5-46af-80e9-c20cf4876ef6'),
 ('11', NULL, 'm141030_000000_plugin_schema_versions', '2017-11-18 04:20:20', '2017-11-18 04:20:20', '2017-11-18 04:20:20', '0f6af2ef-9a8b-4126-90b4-7e411e69f563'),
 ('12', NULL, 'm141030_000001_drop_structure_move_permission', '2017-11-18 04:20:20', '2017-11-18 04:20:20', '2017-11-18 04:20:20', 'a09e370d-4044-453f-9d3f-aa85c161bd35'),
 ('13', NULL, 'm141103_000001_tag_titles', '2017-11-18 04:20:20', '2017-11-18 04:20:20', '2017-11-18 04:20:20', '1803d625-49f2-4e73-b667-f33f23f43a36'),
 ('14', NULL, 'm141109_000001_user_status_shuffle', '2017-11-18 04:20:20', '2017-11-18 04:20:20', '2017-11-18 04:20:20', '8681ef3e-aedb-438e-b3ea-c4d8fae72bbc'),
 ('15', NULL, 'm141126_000001_user_week_start_day', '2017-11-18 04:20:20', '2017-11-18 04:20:20', '2017-11-18 04:20:20', '545b97b9-a2ff-4e45-99d0-b2b0939b9ac1'),
 ('16', NULL, 'm150210_000001_adjust_user_photo_size', '2017-11-18 04:20:20', '2017-11-18 04:20:20', '2017-11-18 04:20:20', 'c5501c22-229d-4f82-834f-b107dd2973ad'),
 ('17', NULL, 'm150724_000001_adjust_quality_settings', '2017-11-18 04:20:20', '2017-11-18 04:20:20', '2017-11-18 04:20:20', 'd7768a0c-b39e-4a7d-b056-af999a1df09d'),
 ('18', NULL, 'm150827_000000_element_index_settings', '2017-11-18 04:20:20', '2017-11-18 04:20:20', '2017-11-18 04:20:20', 'fc593fe4-8e8a-4351-9030-0df6c7e22021'),
 ('19', NULL, 'm150918_000001_add_colspan_to_widgets', '2017-11-18 04:20:20', '2017-11-18 04:20:20', '2017-11-18 04:20:20', '6d3a667b-47d7-423c-a73a-5751a03db2d7'),
 ('20', NULL, 'm151007_000000_clear_asset_caches', '2017-11-18 04:20:20', '2017-11-18 04:20:20', '2017-11-18 04:20:20', '532147c4-2a26-4f0e-b2d9-661113c95f19'),
 ('21', NULL, 'm151109_000000_text_url_formats', '2017-11-18 04:20:20', '2017-11-18 04:20:20', '2017-11-18 04:20:20', '32aa433f-5657-4180-a2ba-015ad52fd691'),
 ('22', NULL, 'm151110_000000_move_logo', '2017-11-18 04:20:20', '2017-11-18 04:20:20', '2017-11-18 04:20:20', '57844ed2-cc5d-4b40-973f-38b18056b2b3'),
 ('23', NULL, 'm151117_000000_adjust_image_widthheight', '2017-11-18 04:20:20', '2017-11-18 04:20:20', '2017-11-18 04:20:20', '22adca6d-3221-4309-a508-685e50c13588'),
 ('24', NULL, 'm151127_000000_clear_license_key_status', '2017-11-18 04:20:20', '2017-11-18 04:20:20', '2017-11-18 04:20:20', '66efeab2-f330-460d-9463-70f3199eb1d8'),
 ('25', NULL, 'm151127_000000_plugin_license_keys', '2017-11-18 04:20:20', '2017-11-18 04:20:20', '2017-11-18 04:20:20', 'd57aa29b-9a27-42ae-949d-5b542919f7b4'),
 ('26', NULL, 'm151130_000000_update_pt_widget_feeds', '2017-11-18 04:20:20', '2017-11-18 04:20:20', '2017-11-18 04:20:20', '0ee943ea-47d0-409d-a8aa-3b2f5f32a461'),
 ('27', NULL, 'm160114_000000_asset_sources_public_url_default_true', '2017-11-18 04:20:20', '2017-11-18 04:20:20', '2017-11-18 04:20:20', 'a67c3ba7-9c37-4330-9f94-859949bc85be'),
 ('28', NULL, 'm160223_000000_sortorder_to_smallint', '2017-11-18 04:20:20', '2017-11-18 04:20:20', '2017-11-18 04:20:20', 'e91a9dd5-931f-4b0a-86ac-fc23740ba4ff'),
 ('29', NULL, 'm160229_000000_set_default_entry_statuses', '2017-11-18 04:20:20', '2017-11-18 04:20:20', '2017-11-18 04:20:20', 'fbf9ce1a-175d-4f33-a0a3-afe50dcfdd35'),
 ('30', NULL, 'm160304_000000_client_permissions', '2017-11-18 04:20:20', '2017-11-18 04:20:20', '2017-11-18 04:20:20', 'c036303c-ea6c-43c1-9a1b-2ec400a8cd4d'),
 ('31', NULL, 'm160322_000000_asset_filesize', '2017-11-18 04:20:20', '2017-11-18 04:20:20', '2017-11-18 04:20:20', 'c9f4e478-77e4-44de-9ace-960c6989c5f6'),
 ('32', NULL, 'm160503_000000_orphaned_fieldlayouts', '2017-11-18 04:20:20', '2017-11-18 04:20:20', '2017-11-18 04:20:20', '98e55f43-2cc7-4601-b615-22e56a01131a'),
 ('33', NULL, 'm160510_000000_tasksettings', '2017-11-18 04:20:20', '2017-11-18 04:20:20', '2017-11-18 04:20:20', 'c559ae51-612c-4cfe-a50a-e18b8c3ee51c'),
 ('34', NULL, 'm160829_000000_pending_user_content_cleanup', '2017-11-18 04:20:20', '2017-11-18 04:20:20', '2017-11-18 04:20:20', '7bef6966-5703-4606-8e6b-2a9c8d5a9072'),
 ('35', NULL, 'm160830_000000_asset_index_uri_increase', '2017-11-18 04:20:20', '2017-11-18 04:20:20', '2017-11-18 04:20:20', '8a1d6b6c-b115-40b1-ac01-5be17ea1c572'),
 ('36', NULL, 'm160919_000000_usergroup_handle_title_unique', '2017-11-18 04:20:20', '2017-11-18 04:20:20', '2017-11-18 04:20:20', 'c6e06597-4b3e-433e-b488-b68786a301b1'),
 ('37', NULL, 'm161108_000000_new_version_format', '2017-11-18 04:20:20', '2017-11-18 04:20:20', '2017-11-18 04:20:20', '128130b0-aca2-4fa9-bb3c-b57708837989'),
 ('38', NULL, 'm161109_000000_index_shuffle', '2017-11-18 04:20:20', '2017-11-18 04:20:20', '2017-11-18 04:20:20', '3f5edf61-cea9-4008-87b0-e1a6b1fc91a2'),
 ('39', NULL, 'm170612_000000_route_index_shuffle', '2017-11-18 04:20:20', '2017-11-18 04:20:20', '2017-11-18 04:20:20', '8441df0b-3260-4558-ba2b-ea7d0fd4ac4d'),
 ('40', NULL, 'm171107_000000_assign_group_permissions', '2017-11-18 04:20:20', '2017-11-18 04:20:20', '2017-11-18 04:20:20', 'd631fbb7-5161-4756-a484-3a1490e415a5'),
 ('41', '1', 'm151225_000000_seomatic_addHumansField', '2017-11-21 16:58:18', '2017-11-21 16:58:18', '2017-11-21 16:58:18', 'f5c05cca-69b5-460a-b62c-9ea2854e8677'),
 ('42', '1', 'm151226_000000_seomatic_addTwitterFacebookFields', '2017-11-21 16:58:18', '2017-11-21 16:58:18', '2017-11-21 16:58:18', 'ad8f8d34-8e38-4bf1-9ad7-80dc38352a10'),
 ('43', '1', 'm160101_000000_seomatic_addRobotsFields', '2017-11-21 16:58:18', '2017-11-21 16:58:18', '2017-11-21 16:58:18', '5187903d-840e-4b64-a6b2-7371704e90d3'),
 ('44', '1', 'm160111_000000_seomatic_addTitleFields', '2017-11-21 16:58:18', '2017-11-21 16:58:18', '2017-11-21 16:58:18', 'bf9fe46d-1a62-4ee8-8be3-815b166e01a2'),
 ('45', '1', 'm160122_000000_seomatic_addTypeFields', '2017-11-21 16:58:18', '2017-11-21 16:58:18', '2017-11-21 16:58:18', 'bc5395f0-1c69-4754-92fc-ae65f08d0fe3'),
 ('46', '1', 'm160123_000000_seomatic_addOpeningHours', '2017-11-21 16:58:18', '2017-11-21 16:58:18', '2017-11-21 16:58:18', 'b50b8441-b944-433c-a0c8-1b7430edef23'),
 ('47', '1', 'm160202_000000_seomatic_addSocialHandles', '2017-11-21 16:58:18', '2017-11-21 16:58:18', '2017-11-21 16:58:18', 'cbd0baed-d44c-49cf-9475-920e978df2df'),
 ('48', '1', 'm160204_000000_seomatic_addGoogleAnalytics', '2017-11-21 16:58:18', '2017-11-21 16:58:18', '2017-11-21 16:58:18', 'c819748d-8207-4bf2-904f-3f6c573ef15c'),
 ('49', '1', 'm160205_000000_seomatic_addResturantMenu', '2017-11-21 16:58:18', '2017-11-21 16:58:18', '2017-11-21 16:58:18', '2ebb1dec-b122-4536-9023-54cca9d161f4'),
 ('50', '1', 'm160206_000000_seomatic_addGoogleAnalyticsPlugins', '2017-11-21 16:58:18', '2017-11-21 16:58:18', '2017-11-21 16:58:18', '2b5b28cf-c1be-4df8-aa74-2d302672de3f'),
 ('51', '1', 'm160206_000000_seomatic_addGoogleAnalyticsSendPageView', '2017-11-21 16:58:18', '2017-11-21 16:58:18', '2017-11-21 16:58:18', 'bc17284d-439f-4994-8261-10b849985b59'),
 ('52', '1', 'm160209_000000_seomatic_alterDescriptionsColumns', '2017-11-21 16:58:18', '2017-11-21 16:58:18', '2017-11-21 16:58:18', 'cd839b75-31b1-4305-9df3-a299be98352e'),
 ('53', '1', 'm160209_000001_seomatic_addRobotsTxt', '2017-11-21 16:58:18', '2017-11-21 16:58:18', '2017-11-21 16:58:18', '01b7324c-8746-4069-b294-da7daf6b581e'),
 ('54', '1', 'm160227_000000_seomatic_addFacebookAppId', '2017-11-21 16:58:18', '2017-11-21 16:58:18', '2017-11-21 16:58:18', '8e146155-ac8c-493a-bac3-94d13bb6eb0c'),
 ('55', '1', 'm160416_000000_seomatic_addContactPoints', '2017-11-21 16:58:18', '2017-11-21 16:58:18', '2017-11-21 16:58:18', '840c854e-ff32-4553-8edc-ab4ee27bfd82'),
 ('56', '1', 'm160509_000000_seomatic_addSiteLinksBing', '2017-11-21 16:58:18', '2017-11-21 16:58:18', '2017-11-21 16:58:18', '22522ffe-2d35-4105-9ec5-af67f1181b25'),
 ('57', '1', 'm160707_000000_seomatic_addGoogleTagManager', '2017-11-21 16:58:18', '2017-11-21 16:58:18', '2017-11-21 16:58:18', '481a51aa-1977-433e-9289-e129a8cb7061'),
 ('58', '1', 'm160715_000000_seomatic_addSeoImageTransforms', '2017-11-21 16:58:18', '2017-11-21 16:58:18', '2017-11-21 16:58:18', 'be7c18a8-6921-401b-9dd4-7e0c48a581ac'),
 ('59', '1', 'm160723_000000_seomatic_addSeoMainEntityOfPage', '2017-11-21 16:58:18', '2017-11-21 16:58:18', '2017-11-21 16:58:18', '7cb9bc0a-272a-4479-b72f-d0e92ffdfe63'),
 ('60', '1', 'm160724_000000_seomatic_addSeoMainEntityCategory', '2017-11-21 16:58:18', '2017-11-21 16:58:18', '2017-11-21 16:58:18', '6e29208c-823b-4934-acbf-f13bce473507'),
 ('61', '1', 'm160811_000000_seomatic_addVimeo', '2017-11-21 16:58:18', '2017-11-21 16:58:18', '2017-11-21 16:58:18', '35bf378c-ed03-4bf1-974a-686e9e388e60'),
 ('62', '1', 'm160904_000000_seomatic_addTwitterFacebookImages', '2017-11-21 16:58:18', '2017-11-21 16:58:18', '2017-11-21 16:58:18', '5bb38b2d-640a-40d0-92b8-ac32af987a0b'),
 ('63', '1', 'm161220_000000_seomatic_addPriceRange', '2017-11-21 16:58:18', '2017-11-21 16:58:18', '2017-11-21 16:58:18', 'e85660b7-13bd-45a5-9557-15aa5b985a15'),
 ('64', '1', 'm170212_000000_seomatic_addGoogleAnalyticsAnonymizeIp', '2017-11-21 16:58:18', '2017-11-21 16:58:18', '2017-11-21 16:58:18', 'd8a11e18-c102-49cb-8625-d76e6be92fee'),
 ('65', '1', 'm170212_000000_seomatic_addWikipedia', '2017-11-21 16:58:18', '2017-11-21 16:58:18', '2017-11-21 16:58:18', '565bf6dc-b75f-463c-ad99-4c7236d6fc2d');



DROP TABLE IF EXISTS `craft_plugins`;


--
-- Schema for table `craft_plugins`
--
CREATE TABLE `craft_plugins` (
  `id` int(11) NOT NULL AUTO_INCREMENT,
  `class` varchar(150) COLLATE utf8_unicode_ci NOT NULL,
  `version` varchar(15) COLLATE utf8_unicode_ci NOT NULL,
  `schemaVersion` varchar(15) COLLATE utf8_unicode_ci DEFAULT NULL,
  `licenseKey` char(24) COLLATE utf8_unicode_ci DEFAULT NULL,
  `licenseKeyStatus` enum('valid','invalid','mismatched','unknown') COLLATE utf8_unicode_ci NOT NULL DEFAULT 'unknown',
  `enabled` tinyint(1) unsigned NOT NULL DEFAULT '0',
  `settings` text COLLATE utf8_unicode_ci,
  `installDate` datetime NOT NULL,
  `dateCreated` datetime NOT NULL,
  `dateUpdated` datetime NOT NULL,
  `uid` char(36) COLLATE utf8_unicode_ci NOT NULL DEFAULT '0',
  PRIMARY KEY (`id`)
) ENGINE=InnoDB AUTO_INCREMENT=2 DEFAULT CHARSET=utf8 COLLATE=utf8_unicode_ci;

--
-- Data for table `craft_plugins`
--

INSERT INTO `craft_plugins` (`id`, `class`, `version`, `schemaVersion`, `licenseKey`, `licenseKeyStatus`, `enabled`, `settings`, `installDate`, `dateCreated`, `dateUpdated`, `uid`) VALUES
 ('1', 'Seomatic', '1.1.56', '1.1.25', NULL, 'unknown', '1', '{\"pluginNameOverride\":\"SEO\"}', '2017-11-21 16:58:18', '2017-11-21 16:58:18', '2017-11-21 18:32:41', 'ff82972d-482b-4fd3-9c1e-b5c7b2fcae7c');



DROP TABLE IF EXISTS `craft_rackspaceaccess`;


--
-- Schema for table `craft_rackspaceaccess`
--
CREATE TABLE `craft_rackspaceaccess` (
  `id` int(11) NOT NULL AUTO_INCREMENT,
  `connectionKey` varchar(255) COLLATE utf8_unicode_ci NOT NULL,
  `token` varchar(255) COLLATE utf8_unicode_ci NOT NULL,
  `storageUrl` varchar(255) COLLATE utf8_unicode_ci NOT NULL,
  `cdnUrl` varchar(255) COLLATE utf8_unicode_ci NOT NULL,
  `dateCreated` datetime NOT NULL,
  `dateUpdated` datetime NOT NULL,
  `uid` char(36) COLLATE utf8_unicode_ci NOT NULL DEFAULT '0',
  PRIMARY KEY (`id`),
  UNIQUE KEY `craft_rackspaceaccess_connectionKey_unq_idx` (`connectionKey`)
) ENGINE=InnoDB DEFAULT CHARSET=utf8 COLLATE=utf8_unicode_ci;

DROP TABLE IF EXISTS `craft_relations`;


--
-- Schema for table `craft_relations`
--
CREATE TABLE `craft_relations` (
  `id` int(11) NOT NULL AUTO_INCREMENT,
  `fieldId` int(11) NOT NULL,
  `sourceId` int(11) NOT NULL,
  `sourceLocale` char(12) COLLATE utf8_unicode_ci DEFAULT NULL,
  `targetId` int(11) NOT NULL,
  `sortOrder` smallint(6) DEFAULT NULL,
  `dateCreated` datetime NOT NULL,
  `dateUpdated` datetime NOT NULL,
  `uid` char(36) COLLATE utf8_unicode_ci NOT NULL DEFAULT '0',
  PRIMARY KEY (`id`),
  UNIQUE KEY `craft_relations_fieldId_sourceId_sourceLocale_targetId_unq_idx` (`fieldId`,`sourceId`,`sourceLocale`,`targetId`),
  KEY `craft_relations_sourceId_fk` (`sourceId`),
  KEY `craft_relations_sourceLocale_fk` (`sourceLocale`),
  KEY `craft_relations_targetId_fk` (`targetId`)
) ENGINE=InnoDB DEFAULT CHARSET=utf8 COLLATE=utf8_unicode_ci;

DROP TABLE IF EXISTS `craft_routes`;


--
-- Schema for table `craft_routes`
--
CREATE TABLE `craft_routes` (
  `id` int(11) NOT NULL AUTO_INCREMENT,
  `locale` char(12) COLLATE utf8_unicode_ci DEFAULT NULL,
  `urlParts` varchar(255) COLLATE utf8_unicode_ci NOT NULL,
  `urlPattern` varchar(255) COLLATE utf8_unicode_ci NOT NULL,
  `template` varchar(255) COLLATE utf8_unicode_ci NOT NULL,
  `sortOrder` smallint(6) unsigned DEFAULT NULL,
  `dateCreated` datetime NOT NULL,
  `dateUpdated` datetime NOT NULL,
  `uid` char(36) COLLATE utf8_unicode_ci NOT NULL DEFAULT '0',
  PRIMARY KEY (`id`),
  KEY `craft_routes_locale_idx` (`locale`),
  KEY `craft_routes_urlPattern_idx` (`urlPattern`)
) ENGINE=InnoDB DEFAULT CHARSET=utf8 COLLATE=utf8_unicode_ci;

DROP TABLE IF EXISTS `craft_searchindex`;


--
-- Schema for table `craft_searchindex`
--
CREATE TABLE `craft_searchindex` (
  `elementId` int(11) NOT NULL,
  `attribute` varchar(25) COLLATE utf8_unicode_ci NOT NULL,
  `fieldId` int(11) NOT NULL,
  `locale` char(12) COLLATE utf8_unicode_ci NOT NULL,
  `keywords` text COLLATE utf8_unicode_ci NOT NULL,
  PRIMARY KEY (`elementId`,`attribute`,`fieldId`,`locale`),
  FULLTEXT KEY `craft_searchindex_keywords_idx` (`keywords`)
) ENGINE=MyISAM DEFAULT CHARSET=utf8 COLLATE=utf8_unicode_ci;

--
-- Data for table `craft_searchindex`
--

INSERT INTO `craft_searchindex` (`elementId`, `attribute`, `fieldId`, `locale`, `keywords`) VALUES
 ('1', 'username', '0', 'en_nz', ' aviary '),
 ('1', 'firstname', '0', 'en_nz', ' the '),
 ('1', 'lastname', '0', 'en_nz', ' aviary '),
 ('1', 'fullname', '0', 'en_nz', ' the aviary '),
 ('1', 'email', '0', 'en_nz', ' hi graphicactivity co nz '),
 ('1', 'slug', '0', 'en_nz', ''),
 ('2', 'slug', '0', 'en_nz', ' homepage '),
 ('2', 'title', '0', 'en_nz', ' the aviary '),
 ('3', 'field', '3', 'en_nz', ' contact theaviary co nz '),
 ('3', 'field', '4', 'en_nz', ' 3 1 cross st newton auckland '),
 ('3', 'slug', '0', 'en_nz', ''),
 ('2', 'field', '1', 'en_nz', ' located in auckland and just a stone s throw away from karangahape road the aviary has become a hotbed for creative success in new zealand the collaborative nature of the way we like to work is echoed by the space itself with high vaulted ceilings floods of natural light and transparent barriers blurring the line between work and play the aviary has hot desks available for hours days and fixed term durations see below for current desk space pricing and enquiry contacts '),
 ('4', 'field', '5', 'en_nz', ' lorem ipsum dolor sit amet consectetur adipiscing elit aliquam eu luctus dolor vivamus ut sem metus sed dignissim leo sit amet magna dignissim non suscipit purus blandit praesent imperdiet lacus ut tempus faucibus maecenas scelerisque nec tellus in ultrices aenean nec sem sed metus commodo sodales pellentesque gravida pharetra nisi sed maximus praesent sodales neque sed est tempus ornare nulla eget lorem ut nulla tempus aliquet finibus vehicula justo pellentesque auctor diam iaculis aliquam vestibulum orci lacus pretium arcu non euismod nibh magna eget sapien nullam aliquam cursus nisl sit amet dignissim nulla porttitor et etiam feugiat elementum diam ac pellentesque nisi curabitur tincidunt in metus eu fermentum donec consectetur diam in sollicitudin luctus mauris sagittis nisl ac ligula fringilla rutrum phasellus bibendum ut justo eu ullamcorper phasellus semper diam at dolor posuere accumsan in gravida nisl at tristique dignissim proin porta convallis libero cras id diam rutrum fringilla sem nec venenatis elit sed odio nunc volutpat eu libero et gravida mollis velit maecenas commodo erat ac gravida laoreet eros est congue velit vestibulum scelerisque enim sem sed lacus curabitur sed quam non sapien tempor faucibus vestibulum quis sem elit '),
 ('4', 'field', '2', 'en_nz', ''),
 ('4', 'slug', '0', 'en_nz', ' welcome to the aviary '),
 ('4', 'title', '0', 'en_nz', ' welcome to the aviary '),
 ('5', 'field', '5', 'en_nz', ' aenean nec sem sed metus commodo sodales pellentesque gravida pharetra nisi sed maximus praesent sodales neque sed est tempus ornare nulla eget lorem ut nulla tempus aliquet finibus vehicula justo pellentesque auctor diam iaculis aliquam vestibulum orci lacus pretium arcu non euismod nibh magna eget sapien nullam aliquam cursus nisl sit amet dignissim nulla porttitor et etiam feugiat elementum diam ac pellentesque nisi curabitur tincidunt in metus eu fermentum donec consectetur diam in sollicitudin luctus mauris sagittis nisl ac ligula fringilla rutrum phasellus bibendum ut justo eu ullamcorper phasellus semper diam at dolor posuere accumsan in gravida nisl at tristique dignissim proin porta convallis libero cras id diam rutrum fringilla sem nec venenatis elit sed odio nunc volutpat eu libero et gravida mollis velit maecenas commodo erat ac gravida laoreet eros est congue velit vestibulum scelerisque enim sem sed lacus curabitur sed quam non sapien tempor faucibus vestibulum quis sem elit '),
 ('5', 'field', '2', 'en_nz', ''),
 ('5', 'slug', '0', 'en_nz', ' into the under world '),
 ('5', 'title', '0', 'en_nz', ' into the under world '),
 ('2', 'field', '6', 'en_nz', ' 1 0 2 1 3 0 4 0 5 0 6 1 7 0 8 0 9 1 10 0 11 1 12 0 13 0 14 0 15 0 16 0 '),
 ('6', 'field', '7', 'en_nz', ' 0 '),
 ('6', 'slug', '0', 'en_nz', ''),
 ('6', 'field', '8', 'en_nz', ' 1 '),
 ('7', 'field', '8', 'en_nz', ' 2 '),
 ('7', 'field', '7', 'en_nz', ' 1 '),
 ('7', 'slug', '0', 'en_nz', ''),
 ('8', 'field', '8', 'en_nz', ' 3 '),
 ('8', 'field', '7', 'en_nz', ' 0 '),
 ('8', 'slug', '0', 'en_nz', ''),
 ('9', 'field', '8', 'en_nz', ' 4 '),
 ('9', 'field', '7', 'en_nz', ' 0 '),
 ('9', 'slug', '0', 'en_nz', ''),
 ('10', 'field', '8', 'en_nz', ' 5 '),
 ('10', 'field', '7', 'en_nz', ' 0 '),
 ('10', 'slug', '0', 'en_nz', ''),
 ('11', 'field', '8', 'en_nz', ' 6 '),
 ('11', 'field', '7', 'en_nz', ' 1 '),
 ('11', 'slug', '0', 'en_nz', ''),
 ('12', 'field', '8', 'en_nz', ' 7 '),
 ('12', 'field', '7', 'en_nz', ' 0 '),
 ('12', 'slug', '0', 'en_nz', ''),
 ('13', 'field', '8', 'en_nz', ' 8 '),
 ('13', 'field', '7', 'en_nz', ' 0 '),
 ('13', 'slug', '0', 'en_nz', ''),
 ('14', 'field', '8', 'en_nz', ' 9 '),
 ('14', 'field', '7', 'en_nz', ' 1 '),
 ('14', 'slug', '0', 'en_nz', ''),
 ('15', 'field', '8', 'en_nz', ' 10 '),
 ('15', 'field', '7', 'en_nz', ' 0 '),
 ('15', 'slug', '0', 'en_nz', ''),
 ('16', 'field', '8', 'en_nz', ' 11 '),
 ('16', 'field', '7', 'en_nz', ' 1 '),
 ('16', 'slug', '0', 'en_nz', ''),
 ('17', 'field', '8', 'en_nz', ' 12 '),
 ('17', 'field', '7', 'en_nz', ' 0 '),
 ('17', 'slug', '0', 'en_nz', ''),
 ('18', 'field', '8', 'en_nz', ' 13 '),
 ('18', 'field', '7', 'en_nz', ' 0 '),
 ('18', 'slug', '0', 'en_nz', ''),
 ('19', 'field', '8', 'en_nz', ' 14 '),
 ('19', 'field', '7', 'en_nz', ' 0 '),
 ('19', 'slug', '0', 'en_nz', ''),
 ('20', 'field', '8', 'en_nz', ' 15 '),
 ('20', 'field', '7', 'en_nz', ' 0 '),
 ('20', 'slug', '0', 'en_nz', ''),
 ('21', 'field', '8', 'en_nz', ' 16 '),
 ('21', 'field', '7', 'en_nz', ' 0 '),
 ('21', 'slug', '0', 'en_nz', ''),
 ('2', 'field', '9', 'en_nz', ' https pitchstudio co nz pitch studio https ghost st ghost street https studioeveryday co nz studio everyday https www plantculture nz plant culture sian cottrell davies https louietong net louie tong https assembly co nz james norman https www intotheunderworld co nz chirag jandel '),
 ('2', 'field', '12', 'en_nz', ' price per week for a single desk is nz$165 ex gst day rate nz$30 inc gst for more information stop by the studio for a chat or flick us an email '),
 ('22', 'field', '10', 'en_nz', ' pitch studio '),
 ('22', 'field', '11', 'en_nz', ' https pitchstudio co nz '),
 ('22', 'slug', '0', 'en_nz', ''),
 ('23', 'field', '10', 'en_nz', ' ghost street '),
 ('23', 'field', '11', 'en_nz', ' https ghost st '),
 ('23', 'slug', '0', 'en_nz', ''),
 ('24', 'field', '10', 'en_nz', ' studio everyday '),
 ('24', 'field', '11', 'en_nz', ' https studioeveryday co nz '),
 ('24', 'slug', '0', 'en_nz', ''),
 ('25', 'field', '10', 'en_nz', ' plant culture '),
 ('25', 'field', '11', 'en_nz', ' https www plantculture nz '),
 ('25', 'slug', '0', 'en_nz', ''),
 ('26', 'field', '10', 'en_nz', ' sian cottrell davies '),
 ('26', 'field', '11', 'en_nz', ''),
 ('26', 'slug', '0', 'en_nz', ''),
 ('27', 'field', '10', 'en_nz', ' louie tong '),
 ('27', 'field', '11', 'en_nz', ' https louietong net '),
 ('27', 'slug', '0', 'en_nz', ''),
 ('28', 'field', '10', 'en_nz', ' james norman '),
 ('28', 'field', '11', 'en_nz', ' https assembly co nz '),
 ('28', 'slug', '0', 'en_nz', ''),
 ('29', 'field', '10', 'en_nz', ' chirag jandel '),
 ('29', 'field', '11', 'en_nz', ' https www intotheunderworld co nz '),
 ('29', 'slug', '0', 'en_nz', '');



DROP TABLE IF EXISTS `craft_sections`;


--
-- Schema for table `craft_sections`
--
CREATE TABLE `craft_sections` (
  `id` int(11) NOT NULL AUTO_INCREMENT,
  `structureId` int(11) DEFAULT NULL,
  `name` varchar(255) COLLATE utf8_unicode_ci NOT NULL,
  `handle` varchar(255) COLLATE utf8_unicode_ci NOT NULL,
  `type` enum('single','channel','structure') COLLATE utf8_unicode_ci NOT NULL DEFAULT 'channel',
  `hasUrls` tinyint(1) unsigned NOT NULL DEFAULT '1',
  `template` varchar(500) COLLATE utf8_unicode_ci DEFAULT NULL,
  `enableVersioning` tinyint(1) unsigned NOT NULL DEFAULT '0',
  `dateCreated` datetime NOT NULL,
  `dateUpdated` datetime NOT NULL,
  `uid` char(36) COLLATE utf8_unicode_ci NOT NULL DEFAULT '0',
  PRIMARY KEY (`id`),
  UNIQUE KEY `craft_sections_name_unq_idx` (`name`),
  UNIQUE KEY `craft_sections_handle_unq_idx` (`handle`),
  KEY `craft_sections_structureId_fk` (`structureId`)
) ENGINE=InnoDB AUTO_INCREMENT=3 DEFAULT CHARSET=utf8 COLLATE=utf8_unicode_ci;

--
-- Data for table `craft_sections`
--

INSERT INTO `craft_sections` (`id`, `structureId`, `name`, `handle`, `type`, `hasUrls`, `template`, `enableVersioning`, `dateCreated`, `dateUpdated`, `uid`) VALUES
 ('1', NULL, 'Home', 'home', 'single', '1', 'index', '1', '2017-11-18 04:20:23', '2017-11-21 17:38:08', '855acdb9-43b7-46fe-a3ad-84d5a0c71422'),
 ('2', NULL, 'Articles', 'articles', 'channel', '1', 'articles/_entry', '1', '2017-11-20 18:31:37', '2017-11-20 18:31:37', '5bb01fac-b591-4a45-b38d-4ff0544c2401');



DROP TABLE IF EXISTS `craft_sections_i18n`;


--
-- Schema for table `craft_sections_i18n`
--
CREATE TABLE `craft_sections_i18n` (
  `id` int(11) NOT NULL AUTO_INCREMENT,
  `sectionId` int(11) NOT NULL,
  `locale` char(12) COLLATE utf8_unicode_ci NOT NULL,
  `enabledByDefault` tinyint(1) unsigned NOT NULL DEFAULT '1',
  `urlFormat` text COLLATE utf8_unicode_ci,
  `nestedUrlFormat` text COLLATE utf8_unicode_ci,
  `dateCreated` datetime NOT NULL,
  `dateUpdated` datetime NOT NULL,
  `uid` char(36) COLLATE utf8_unicode_ci NOT NULL DEFAULT '0',
  PRIMARY KEY (`id`),
  UNIQUE KEY `craft_sections_i18n_sectionId_locale_unq_idx` (`sectionId`,`locale`),
  KEY `craft_sections_i18n_locale_fk` (`locale`)
) ENGINE=InnoDB AUTO_INCREMENT=3 DEFAULT CHARSET=utf8 COLLATE=utf8_unicode_ci;

--
-- Data for table `craft_sections_i18n`
--

INSERT INTO `craft_sections_i18n` (`id`, `sectionId`, `locale`, `enabledByDefault`, `urlFormat`, `nestedUrlFormat`, `dateCreated`, `dateUpdated`, `uid`) VALUES
 ('1', '1', 'en_nz', '1', '__home__', NULL, '2017-11-18 04:20:23', '2017-11-18 04:20:23', 'a978fd11-9695-4ecd-a5a6-f2c83be0be28'),
 ('2', '2', 'en_nz', '1', 'articles/{postDate.year}/{slug}', NULL, '2017-11-20 18:31:37', '2017-11-20 18:31:37', '039d47d8-714f-4b11-b80c-c293a3e14d6c');



DROP TABLE IF EXISTS `craft_seomatic_meta`;


--
-- Schema for table `craft_seomatic_meta`
--
CREATE TABLE `craft_seomatic_meta` (
  `id` int(11) NOT NULL,
  `seoImageId` int(11) DEFAULT NULL,
  `seoTwitterImageId` int(11) DEFAULT NULL,
  `seoFacebookImageId` int(11) DEFAULT NULL,
  `locale` varchar(255) COLLATE utf8_unicode_ci DEFAULT 'en_nz',
  `elementId` int(10) DEFAULT '0',
  `metaType` enum('default','template') COLLATE utf8_unicode_ci DEFAULT 'template',
  `metaPath` varchar(255) COLLATE utf8_unicode_ci DEFAULT '',
  `seoMainEntityCategory` varchar(255) COLLATE utf8_unicode_ci DEFAULT '',
  `seoMainEntityOfPage` varchar(255) COLLATE utf8_unicode_ci DEFAULT '',
  `seoTitle` varchar(255) COLLATE utf8_unicode_ci DEFAULT '',
  `seoDescription` varchar(255) COLLATE utf8_unicode_ci DEFAULT '',
  `seoKeywords` varchar(255) COLLATE utf8_unicode_ci DEFAULT '',
  `seoImageTransform` varchar(255) COLLATE utf8_unicode_ci DEFAULT '',
  `seoFacebookImageTransform` varchar(255) COLLATE utf8_unicode_ci DEFAULT '',
  `seoTwitterImageTransform` varchar(255) COLLATE utf8_unicode_ci DEFAULT '',
  `twitterCardType` varchar(255) COLLATE utf8_unicode_ci DEFAULT 'summary',
  `openGraphType` varchar(255) COLLATE utf8_unicode_ci DEFAULT 'website',
  `robots` varchar(255) COLLATE utf8_unicode_ci DEFAULT '',
  `dateCreated` datetime NOT NULL,
  `dateUpdated` datetime NOT NULL,
  `uid` char(36) COLLATE utf8_unicode_ci NOT NULL DEFAULT '0',
  PRIMARY KEY (`id`),
  KEY `craft_seomatic_meta_seoImageId_fk` (`seoImageId`),
  KEY `craft_seomatic_meta_seoTwitterImageId_fk` (`seoTwitterImageId`),
  KEY `craft_seomatic_meta_seoFacebookImageId_fk` (`seoFacebookImageId`)
) ENGINE=InnoDB DEFAULT CHARSET=utf8 COLLATE=utf8_unicode_ci;

DROP TABLE IF EXISTS `craft_seomatic_settings`;


--
-- Schema for table `craft_seomatic_settings`
--
CREATE TABLE `craft_seomatic_settings` (
  `id` int(11) NOT NULL AUTO_INCREMENT,
  `siteSeoImageId` int(11) DEFAULT NULL,
  `siteSeoTwitterImageId` int(11) DEFAULT NULL,
  `siteSeoFacebookImageId` int(11) DEFAULT NULL,
  `genericOwnerImageId` int(11) DEFAULT NULL,
  `genericCreatorImageId` int(11) DEFAULT NULL,
  `locale` varchar(255) COLLATE utf8_unicode_ci DEFAULT '',
  `siteSeoName` varchar(255) COLLATE utf8_unicode_ci DEFAULT '',
  `siteSeoTitle` varchar(255) COLLATE utf8_unicode_ci DEFAULT '',
  `siteSeoTitleSeparator` varchar(10) COLLATE utf8_unicode_ci DEFAULT '|',
  `siteSeoTitlePlacement` enum('before','after','none') COLLATE utf8_unicode_ci DEFAULT 'after',
  `siteSeoDescription` varchar(255) COLLATE utf8_unicode_ci DEFAULT '',
  `siteSeoKeywords` varchar(255) COLLATE utf8_unicode_ci DEFAULT '',
  `siteSeoImageTransform` varchar(100) COLLATE utf8_unicode_ci DEFAULT '',
  `siteSeoFacebookImageTransform` varchar(100) COLLATE utf8_unicode_ci DEFAULT '',
  `siteSeoTwitterImageTransform` varchar(100) COLLATE utf8_unicode_ci DEFAULT '',
  `siteTwitterCardType` varchar(50) COLLATE utf8_unicode_ci DEFAULT '',
  `siteOpenGraphType` varchar(50) COLLATE utf8_unicode_ci DEFAULT '',
  `siteRobots` varchar(50) COLLATE utf8_unicode_ci DEFAULT '',
  `siteRobotsTxt` text COLLATE utf8_unicode_ci,
  `siteLinksSearchTargets` text COLLATE utf8_unicode_ci,
  `siteLinksQueryInput` varchar(50) COLLATE utf8_unicode_ci DEFAULT '',
  `googleSiteVerification` varchar(100) COLLATE utf8_unicode_ci DEFAULT '',
  `bingSiteVerification` varchar(100) COLLATE utf8_unicode_ci DEFAULT '',
  `googleAnalyticsUID` varchar(50) COLLATE utf8_unicode_ci DEFAULT '',
  `googleTagManagerID` varchar(50) COLLATE utf8_unicode_ci DEFAULT '',
  `googleAnalyticsSendPageview` tinyint(1) unsigned NOT NULL DEFAULT '1',
  `googleAnalyticsAdvertising` tinyint(1) unsigned NOT NULL DEFAULT '0',
  `googleAnalyticsEcommerce` tinyint(1) unsigned NOT NULL DEFAULT '0',
  `googleAnalyticsEEcommerce` tinyint(1) unsigned NOT NULL DEFAULT '0',
  `googleAnalyticsLinkAttribution` tinyint(1) unsigned NOT NULL DEFAULT '0',
  `googleAnalyticsLinker` tinyint(1) unsigned NOT NULL DEFAULT '0',
  `googleAnalyticsAnonymizeIp` tinyint(1) unsigned NOT NULL DEFAULT '0',
  `siteOwnerType` varchar(50) COLLATE utf8_unicode_ci DEFAULT '',
  `siteOwnerSubType` varchar(50) COLLATE utf8_unicode_ci DEFAULT '',
  `siteOwnerSpecificType` varchar(50) COLLATE utf8_unicode_ci DEFAULT '',
  `genericOwnerName` varchar(255) COLLATE utf8_unicode_ci DEFAULT '',
  `genericOwnerAlternateName` varchar(255) COLLATE utf8_unicode_ci DEFAULT '',
  `genericOwnerDescription` varchar(1024) COLLATE utf8_unicode_ci DEFAULT '',
  `genericOwnerUrl` varchar(255) COLLATE utf8_unicode_ci DEFAULT '',
  `genericOwnerTelephone` varchar(255) COLLATE utf8_unicode_ci DEFAULT '',
  `genericOwnerEmail` varchar(255) COLLATE utf8_unicode_ci DEFAULT '',
  `genericOwnerStreetAddress` varchar(255) COLLATE utf8_unicode_ci DEFAULT '',
  `genericOwnerAddressLocality` varchar(255) COLLATE utf8_unicode_ci DEFAULT '',
  `genericOwnerAddressRegion` varchar(255) COLLATE utf8_unicode_ci DEFAULT '',
  `genericOwnerPostalCode` varchar(255) COLLATE utf8_unicode_ci DEFAULT '',
  `genericOwnerAddressCountry` varchar(255) COLLATE utf8_unicode_ci DEFAULT '',
  `genericOwnerGeoLatitude` varchar(255) COLLATE utf8_unicode_ci DEFAULT '',
  `genericOwnerGeoLongitude` varchar(255) COLLATE utf8_unicode_ci DEFAULT '',
  `organizationOwnerDuns` varchar(255) COLLATE utf8_unicode_ci DEFAULT '',
  `organizationOwnerFounder` varchar(255) COLLATE utf8_unicode_ci DEFAULT '',
  `organizationOwnerFoundingDate` varchar(255) COLLATE utf8_unicode_ci DEFAULT '',
  `organizationOwnerFoundingLocation` varchar(255) COLLATE utf8_unicode_ci DEFAULT '',
  `organizationOwnerContactPoints` text COLLATE utf8_unicode_ci,
  `localBusinessPriceRange` varchar(10) COLLATE utf8_unicode_ci DEFAULT '$$$',
  `localBusinessOwnerOpeningHours` text COLLATE utf8_unicode_ci,
  `corporationOwnerTickerSymbol` varchar(255) COLLATE utf8_unicode_ci DEFAULT '',
  `restaurantOwnerServesCuisine` varchar(255) COLLATE utf8_unicode_ci DEFAULT '',
  `restaurantOwnerMenuUrl` varchar(255) COLLATE utf8_unicode_ci DEFAULT '',
  `restaurantOwnerReservationsUrl` varchar(255) COLLATE utf8_unicode_ci DEFAULT '',
  `personOwnerGender` varchar(255) COLLATE utf8_unicode_ci DEFAULT '',
  `personOwnerBirthPlace` varchar(255) COLLATE utf8_unicode_ci DEFAULT '',
  `twitterHandle` varchar(50) COLLATE utf8_unicode_ci DEFAULT '',
  `facebookHandle` varchar(50) COLLATE utf8_unicode_ci DEFAULT '',
  `facebookProfileId` varchar(50) COLLATE utf8_unicode_ci DEFAULT '',
  `facebookAppId` varchar(50) COLLATE utf8_unicode_ci DEFAULT '',
  `linkedInHandle` varchar(50) COLLATE utf8_unicode_ci DEFAULT '',
  `googlePlusHandle` varchar(50) COLLATE utf8_unicode_ci DEFAULT '',
  `youtubeHandle` varchar(50) COLLATE utf8_unicode_ci DEFAULT '',
  `youtubeChannelHandle` varchar(50) COLLATE utf8_unicode_ci DEFAULT '',
  `instagramHandle` varchar(50) COLLATE utf8_unicode_ci DEFAULT '',
  `pinterestHandle` varchar(50) COLLATE utf8_unicode_ci DEFAULT '',
  `githubHandle` varchar(50) COLLATE utf8_unicode_ci DEFAULT '',
  `vimeoHandle` varchar(50) COLLATE utf8_unicode_ci DEFAULT '',
  `wikipediaUrl` varchar(100) COLLATE utf8_unicode_ci DEFAULT '',
  `siteCreatorType` varchar(255) COLLATE utf8_unicode_ci DEFAULT '',
  `siteCreatorSubType` varchar(255) COLLATE utf8_unicode_ci DEFAULT '',
  `siteCreatorSpecificType` varchar(255) COLLATE utf8_unicode_ci DEFAULT '',
  `genericCreatorName` varchar(255) COLLATE utf8_unicode_ci DEFAULT '',
  `genericCreatorAlternateName` varchar(255) COLLATE utf8_unicode_ci DEFAULT '',
  `genericCreatorDescription` varchar(1024) COLLATE utf8_unicode_ci DEFAULT '',
  `genericCreatorUrl` varchar(255) COLLATE utf8_unicode_ci DEFAULT '',
  `genericCreatorTelephone` varchar(255) COLLATE utf8_unicode_ci DEFAULT '',
  `genericCreatorEmail` varchar(255) COLLATE utf8_unicode_ci DEFAULT '',
  `genericCreatorStreetAddress` varchar(255) COLLATE utf8_unicode_ci DEFAULT '',
  `genericCreatorAddressLocality` varchar(255) COLLATE utf8_unicode_ci DEFAULT '',
  `genericCreatorAddressRegion` varchar(255) COLLATE utf8_unicode_ci DEFAULT '',
  `genericCreatorPostalCode` varchar(255) COLLATE utf8_unicode_ci DEFAULT '',
  `genericCreatorAddressCountry` varchar(255) COLLATE utf8_unicode_ci DEFAULT '',
  `genericCreatorGeoLatitude` varchar(255) COLLATE utf8_unicode_ci DEFAULT '',
  `genericCreatorGeoLongitude` varchar(255) COLLATE utf8_unicode_ci DEFAULT '',
  `organizationCreatorDuns` varchar(255) COLLATE utf8_unicode_ci DEFAULT '',
  `organizationCreatorFounder` varchar(255) COLLATE utf8_unicode_ci DEFAULT '',
  `organizationCreatorFoundingDate` varchar(255) COLLATE utf8_unicode_ci DEFAULT '',
  `organizationCreatorFoundingLocation` varchar(255) COLLATE utf8_unicode_ci DEFAULT '',
  `organizationCreatorContactPoints` text COLLATE utf8_unicode_ci,
  `localBusinessCreatorOpeningHours` text COLLATE utf8_unicode_ci,
  `corporationCreatorTickerSymbol` varchar(255) COLLATE utf8_unicode_ci DEFAULT '',
  `restaurantCreatorServesCuisine` varchar(255) COLLATE utf8_unicode_ci DEFAULT '',
  `restaurantCreatorMenuUrl` varchar(255) COLLATE utf8_unicode_ci DEFAULT '',
  `restaurantCreatorReservationsUrl` varchar(255) COLLATE utf8_unicode_ci DEFAULT '',
  `personCreatorGender` varchar(255) COLLATE utf8_unicode_ci DEFAULT '',
  `personCreatorBirthPlace` varchar(255) COLLATE utf8_unicode_ci DEFAULT '',
  `genericCreatorHumansTxt` text COLLATE utf8_unicode_ci,
  `dateCreated` datetime NOT NULL,
  `dateUpdated` datetime NOT NULL,
  `uid` char(36) COLLATE utf8_unicode_ci NOT NULL DEFAULT '0',
  PRIMARY KEY (`id`),
  KEY `craft_seomatic_settings_siteSeoImageId_fk` (`siteSeoImageId`),
  KEY `craft_seomatic_settings_siteSeoTwitterImageId_fk` (`siteSeoTwitterImageId`),
  KEY `craft_seomatic_settings_siteSeoFacebookImageId_fk` (`siteSeoFacebookImageId`),
  KEY `craft_seomatic_settings_genericOwnerImageId_fk` (`genericOwnerImageId`),
  KEY `craft_seomatic_settings_genericCreatorImageId_fk` (`genericCreatorImageId`)
) ENGINE=InnoDB AUTO_INCREMENT=2 DEFAULT CHARSET=utf8 COLLATE=utf8_unicode_ci;

--
-- Data for table `craft_seomatic_settings`
--

INSERT INTO `craft_seomatic_settings` (`id`, `siteSeoImageId`, `siteSeoTwitterImageId`, `siteSeoFacebookImageId`, `genericOwnerImageId`, `genericCreatorImageId`, `locale`, `siteSeoName`, `siteSeoTitle`, `siteSeoTitleSeparator`, `siteSeoTitlePlacement`, `siteSeoDescription`, `siteSeoKeywords`, `siteSeoImageTransform`, `siteSeoFacebookImageTransform`, `siteSeoTwitterImageTransform`, `siteTwitterCardType`, `siteOpenGraphType`, `siteRobots`, `siteRobotsTxt`, `siteLinksSearchTargets`, `siteLinksQueryInput`, `googleSiteVerification`, `bingSiteVerification`, `googleAnalyticsUID`, `googleTagManagerID`, `googleAnalyticsSendPageview`, `googleAnalyticsAdvertising`, `googleAnalyticsEcommerce`, `googleAnalyticsEEcommerce`, `googleAnalyticsLinkAttribution`, `googleAnalyticsLinker`, `googleAnalyticsAnonymizeIp`, `siteOwnerType`, `siteOwnerSubType`, `siteOwnerSpecificType`, `genericOwnerName`, `genericOwnerAlternateName`, `genericOwnerDescription`, `genericOwnerUrl`, `genericOwnerTelephone`, `genericOwnerEmail`, `genericOwnerStreetAddress`, `genericOwnerAddressLocality`, `genericOwnerAddressRegion`, `genericOwnerPostalCode`, `genericOwnerAddressCountry`, `genericOwnerGeoLatitude`, `genericOwnerGeoLongitude`, `organizationOwnerDuns`, `organizationOwnerFounder`, `organizationOwnerFoundingDate`, `organizationOwnerFoundingLocation`, `organizationOwnerContactPoints`, `localBusinessPriceRange`, `localBusinessOwnerOpeningHours`, `corporationOwnerTickerSymbol`, `restaurantOwnerServesCuisine`, `restaurantOwnerMenuUrl`, `restaurantOwnerReservationsUrl`, `personOwnerGender`, `personOwnerBirthPlace`, `twitterHandle`, `facebookHandle`, `facebookProfileId`, `facebookAppId`, `linkedInHandle`, `googlePlusHandle`, `youtubeHandle`, `youtubeChannelHandle`, `instagramHandle`, `pinterestHandle`, `githubHandle`, `vimeoHandle`, `wikipediaUrl`, `siteCreatorType`, `siteCreatorSubType`, `siteCreatorSpecificType`, `genericCreatorName`, `genericCreatorAlternateName`, `genericCreatorDescription`, `genericCreatorUrl`, `genericCreatorTelephone`, `genericCreatorEmail`, `genericCreatorStreetAddress`, `genericCreatorAddressLocality`, `genericCreatorAddressRegion`, `genericCreatorPostalCode`, `genericCreatorAddressCountry`, `genericCreatorGeoLatitude`, `genericCreatorGeoLongitude`, `organizationCreatorDuns`, `organizationCreatorFounder`, `organizationCreatorFoundingDate`, `organizationCreatorFoundingLocation`, `organizationCreatorContactPoints`, `localBusinessCreatorOpeningHours`, `corporationCreatorTickerSymbol`, `restaurantCreatorServesCuisine`, `restaurantCreatorMenuUrl`, `restaurantCreatorReservationsUrl`, `personCreatorGender`, `personCreatorBirthPlace`, `genericCreatorHumansTxt`, `dateCreated`, `dateUpdated`, `uid`) VALUES
 ('1', NULL, NULL, NULL, NULL, NULL, 'en_nz', 'The Aviary', 'Creative Studio', '|', 'before', 'Located in Auckland and just a stone\'s throw away from Karangahape road, The Aviary has become a hotbed for creative success in New Zealand.', 'creative, design, development, auckland, workspace, hotdesk, wifi, code', 'social', '', '', 'summary', 'website', '', '# robots.txt for {{ siteUrl }}\r\n# For a multi-environment setup, see: https://nystudio107.com/blog/prevent-google-from-indexing-staging-sites\r\n\r\nSitemap: {{ siteUrl |trim(\'/\') }}/sitemap.xml\r\n\r\n{% if craft.config.devMode %}\r\n# devMode - disallow all\r\n\r\nUser-agent: *\r\nDisallow: /\r\n{% else %}\r\n# Live - Don\'t allow web crawlers to index Craft\r\n\r\nUser-agent: *\r\nDisallow: /craft/\r\n{% endif %}', '[]', '', '', '', '', '', '1', '0', '0', '0', '0', '0', '0', 'Organization', 'Corporation', '', 'The Aviary', '', '', 'http://139.59.103.74/', '', '', '', '', '', '', '', '', '', '', '', '', '', '', '$$$', '', '', '', '', '', '', '', '', '', '', '', '', '', '', '', '', '', '', '', '', 'Organization', 'Corporation', '', '', '', '', '', '', '', '', '', '', '', '', '', '', '', '', '', '', '', '', '', '', '', '', '', '', '/* TEAM */\n\n{% if seomaticCreator.name is defined and seomaticCreator.name %}\nCreator: {{ seomaticCreator.name }}\n{% endif %}\n{% if seomaticCreator.url is defined and seomaticCreator.url %}\nURL: {{ seomaticCreator.url }}\n{% endif %}\n{% if seomaticCreator.description is defined and seomaticCreator.description %}\nDescription: {{ seomaticCreator.description }}\n{% endif %}\n\n/* THANKS */\n\nPixel & Tonic - https://pixelandtonic.com\n\n/* SITE */\n\nStandards: HTML5, CSS3\nComponents: Craft CMS, Yii, PHP, Javascript, SEOmatic', '2017-11-21 16:58:21', '2017-11-21 17:57:56', 'e6c6ae91-6f89-4c05-9a88-43f048f78fe9');



DROP TABLE IF EXISTS `craft_sessions`;


--
-- Schema for table `craft_sessions`
--
CREATE TABLE `craft_sessions` (
  `id` int(11) NOT NULL AUTO_INCREMENT,
  `userId` int(11) NOT NULL,
  `token` char(100) COLLATE utf8_unicode_ci NOT NULL,
  `dateCreated` datetime NOT NULL,
  `dateUpdated` datetime NOT NULL,
  `uid` char(36) COLLATE utf8_unicode_ci NOT NULL DEFAULT '0',
  PRIMARY KEY (`id`),
  KEY `craft_sessions_uid_idx` (`uid`),
  KEY `craft_sessions_token_idx` (`token`),
  KEY `craft_sessions_dateUpdated_idx` (`dateUpdated`),
  KEY `craft_sessions_userId_fk` (`userId`)
) ENGINE=InnoDB AUTO_INCREMENT=8 DEFAULT CHARSET=utf8 COLLATE=utf8_unicode_ci;

DROP TABLE IF EXISTS `craft_shunnedmessages`;


--
-- Schema for table `craft_shunnedmessages`
--
CREATE TABLE `craft_shunnedmessages` (
  `id` int(11) NOT NULL AUTO_INCREMENT,
  `userId` int(11) NOT NULL,
  `message` varchar(255) COLLATE utf8_unicode_ci NOT NULL,
  `expiryDate` datetime DEFAULT NULL,
  `dateCreated` datetime NOT NULL,
  `dateUpdated` datetime NOT NULL,
  `uid` char(36) COLLATE utf8_unicode_ci NOT NULL DEFAULT '0',
  PRIMARY KEY (`id`),
  UNIQUE KEY `craft_shunnedmessages_userId_message_unq_idx` (`userId`,`message`)
) ENGINE=InnoDB DEFAULT CHARSET=utf8 COLLATE=utf8_unicode_ci;

DROP TABLE IF EXISTS `craft_structureelements`;


--
-- Schema for table `craft_structureelements`
--
CREATE TABLE `craft_structureelements` (
  `id` int(11) NOT NULL AUTO_INCREMENT,
  `structureId` int(11) NOT NULL,
  `elementId` int(11) DEFAULT NULL,
  `root` int(11) unsigned DEFAULT NULL,
  `lft` int(11) unsigned NOT NULL,
  `rgt` int(11) unsigned NOT NULL,
  `level` smallint(6) unsigned NOT NULL,
  `dateCreated` datetime NOT NULL,
  `dateUpdated` datetime NOT NULL,
  `uid` char(36) COLLATE utf8_unicode_ci NOT NULL DEFAULT '0',
  PRIMARY KEY (`id`),
  UNIQUE KEY `craft_structureelements_structureId_elementId_unq_idx` (`structureId`,`elementId`),
  KEY `craft_structureelements_root_idx` (`root`),
  KEY `craft_structureelements_lft_idx` (`lft`),
  KEY `craft_structureelements_rgt_idx` (`rgt`),
  KEY `craft_structureelements_level_idx` (`level`),
  KEY `craft_structureelements_elementId_fk` (`elementId`)
) ENGINE=InnoDB DEFAULT CHARSET=utf8 COLLATE=utf8_unicode_ci;

DROP TABLE IF EXISTS `craft_structures`;


--
-- Schema for table `craft_structures`
--
CREATE TABLE `craft_structures` (
  `id` int(11) NOT NULL AUTO_INCREMENT,
  `maxLevels` smallint(6) unsigned DEFAULT NULL,
  `dateCreated` datetime NOT NULL,
  `dateUpdated` datetime NOT NULL,
  `uid` char(36) COLLATE utf8_unicode_ci NOT NULL DEFAULT '0',
  PRIMARY KEY (`id`)
) ENGINE=InnoDB DEFAULT CHARSET=utf8 COLLATE=utf8_unicode_ci;

DROP TABLE IF EXISTS `craft_systemsettings`;


--
-- Schema for table `craft_systemsettings`
--
CREATE TABLE `craft_systemsettings` (
  `id` int(11) NOT NULL AUTO_INCREMENT,
  `category` varchar(15) COLLATE utf8_unicode_ci NOT NULL,
  `settings` text COLLATE utf8_unicode_ci,
  `dateCreated` datetime NOT NULL,
  `dateUpdated` datetime NOT NULL,
  `uid` char(36) COLLATE utf8_unicode_ci NOT NULL DEFAULT '0',
  PRIMARY KEY (`id`),
  UNIQUE KEY `craft_systemsettings_category_unq_idx` (`category`)
) ENGINE=InnoDB AUTO_INCREMENT=2 DEFAULT CHARSET=utf8 COLLATE=utf8_unicode_ci;

--
-- Data for table `craft_systemsettings`
--

INSERT INTO `craft_systemsettings` (`id`, `category`, `settings`, `dateCreated`, `dateUpdated`, `uid`) VALUES
 ('1', 'email', '{\"protocol\":\"php\",\"emailAddress\":\"hi@graphicactivity.co.nz\",\"senderName\":\"The Aviary\"}', '2017-11-18 04:20:22', '2017-11-18 04:20:22', 'da3e8427-a637-4557-a87f-0cd8cddede04');



DROP TABLE IF EXISTS `craft_taggroups`;


--
-- Schema for table `craft_taggroups`
--
CREATE TABLE `craft_taggroups` (
  `id` int(11) NOT NULL AUTO_INCREMENT,
  `name` varchar(255) COLLATE utf8_unicode_ci NOT NULL,
  `handle` varchar(255) COLLATE utf8_unicode_ci NOT NULL,
  `fieldLayoutId` int(10) DEFAULT NULL,
  `dateCreated` datetime NOT NULL,
  `dateUpdated` datetime NOT NULL,
  `uid` char(36) COLLATE utf8_unicode_ci NOT NULL DEFAULT '0',
  PRIMARY KEY (`id`),
  UNIQUE KEY `craft_taggroups_name_unq_idx` (`name`),
  UNIQUE KEY `craft_taggroups_handle_unq_idx` (`handle`),
  KEY `craft_taggroups_fieldLayoutId_fk` (`fieldLayoutId`)
) ENGINE=InnoDB AUTO_INCREMENT=2 DEFAULT CHARSET=utf8 COLLATE=utf8_unicode_ci;

--
-- Data for table `craft_taggroups`
--

INSERT INTO `craft_taggroups` (`id`, `name`, `handle`, `fieldLayoutId`, `dateCreated`, `dateUpdated`, `uid`) VALUES
 ('1', 'Default', 'default', '1', '2017-11-18 04:20:22', '2017-11-18 04:20:22', '0a975af4-06ea-47aa-b5f7-a4d48f3e95b4');



DROP TABLE IF EXISTS `craft_tags`;


--
-- Schema for table `craft_tags`
--
CREATE TABLE `craft_tags` (
  `id` int(11) NOT NULL,
  `groupId` int(11) NOT NULL,
  `dateCreated` datetime NOT NULL,
  `dateUpdated` datetime NOT NULL,
  `uid` char(36) COLLATE utf8_unicode_ci NOT NULL DEFAULT '0',
  PRIMARY KEY (`id`),
  KEY `craft_tags_groupId_fk` (`groupId`)
) ENGINE=InnoDB DEFAULT CHARSET=utf8 COLLATE=utf8_unicode_ci;

DROP TABLE IF EXISTS `craft_tasks`;


--
-- Schema for table `craft_tasks`
--
CREATE TABLE `craft_tasks` (
  `id` int(11) NOT NULL AUTO_INCREMENT,
  `root` int(11) unsigned DEFAULT NULL,
  `lft` int(11) unsigned NOT NULL,
  `rgt` int(11) unsigned NOT NULL,
  `level` smallint(6) unsigned NOT NULL,
  `currentStep` int(11) unsigned DEFAULT NULL,
  `totalSteps` int(11) unsigned DEFAULT NULL,
  `status` enum('pending','error','running') COLLATE utf8_unicode_ci DEFAULT NULL,
  `type` varchar(150) COLLATE utf8_unicode_ci NOT NULL,
  `description` varchar(255) COLLATE utf8_unicode_ci DEFAULT NULL,
  `settings` mediumtext COLLATE utf8_unicode_ci,
  `dateCreated` datetime NOT NULL,
  `dateUpdated` datetime NOT NULL,
  `uid` char(36) COLLATE utf8_unicode_ci NOT NULL DEFAULT '0',
  PRIMARY KEY (`id`),
  KEY `craft_tasks_root_idx` (`root`),
  KEY `craft_tasks_lft_idx` (`lft`),
  KEY `craft_tasks_rgt_idx` (`rgt`),
  KEY `craft_tasks_level_idx` (`level`)
) ENGINE=InnoDB AUTO_INCREMENT=14 DEFAULT CHARSET=utf8 COLLATE=utf8_unicode_ci;

DROP TABLE IF EXISTS `craft_templatecachecriteria`;


--
-- Schema for table `craft_templatecachecriteria`
--
CREATE TABLE `craft_templatecachecriteria` (
  `id` int(11) NOT NULL AUTO_INCREMENT,
  `cacheId` int(11) NOT NULL,
  `type` varchar(150) COLLATE utf8_unicode_ci NOT NULL,
  `criteria` text COLLATE utf8_unicode_ci NOT NULL,
  PRIMARY KEY (`id`),
  KEY `craft_templatecachecriteria_cacheId_fk` (`cacheId`),
  KEY `craft_templatecachecriteria_type_idx` (`type`)
) ENGINE=InnoDB DEFAULT CHARSET=utf8 COLLATE=utf8_unicode_ci;

DROP TABLE IF EXISTS `craft_templatecacheelements`;


--
-- Schema for table `craft_templatecacheelements`
--
CREATE TABLE `craft_templatecacheelements` (
  `cacheId` int(11) NOT NULL,
  `elementId` int(11) NOT NULL,
  KEY `craft_templatecacheelements_cacheId_fk` (`cacheId`),
  KEY `craft_templatecacheelements_elementId_fk` (`elementId`)
) ENGINE=InnoDB DEFAULT CHARSET=utf8 COLLATE=utf8_unicode_ci;

DROP TABLE IF EXISTS `craft_templatecaches`;


--
-- Schema for table `craft_templatecaches`
--
CREATE TABLE `craft_templatecaches` (
  `id` int(11) NOT NULL AUTO_INCREMENT,
  `cacheKey` varchar(255) COLLATE utf8_unicode_ci NOT NULL,
  `locale` char(12) COLLATE utf8_unicode_ci NOT NULL,
  `path` varchar(255) COLLATE utf8_unicode_ci DEFAULT NULL,
  `expiryDate` datetime NOT NULL,
  `body` mediumtext COLLATE utf8_unicode_ci NOT NULL,
  PRIMARY KEY (`id`),
  KEY `craft_templatecaches_expiryDate_cacheKey_locale_path_idx` (`expiryDate`,`cacheKey`,`locale`,`path`),
  KEY `craft_templatecaches_locale_fk` (`locale`)
) ENGINE=InnoDB DEFAULT CHARSET=utf8 COLLATE=utf8_unicode_ci;

DROP TABLE IF EXISTS `craft_tokens`;


--
-- Schema for table `craft_tokens`
--
CREATE TABLE `craft_tokens` (
  `id` int(11) NOT NULL AUTO_INCREMENT,
  `token` char(32) COLLATE utf8_unicode_ci NOT NULL,
  `route` text COLLATE utf8_unicode_ci,
  `usageLimit` tinyint(3) unsigned DEFAULT NULL,
  `usageCount` tinyint(3) unsigned DEFAULT NULL,
  `expiryDate` datetime NOT NULL,
  `dateCreated` datetime NOT NULL,
  `dateUpdated` datetime NOT NULL,
  `uid` char(36) COLLATE utf8_unicode_ci NOT NULL DEFAULT '0',
  PRIMARY KEY (`id`),
  UNIQUE KEY `craft_tokens_token_unq_idx` (`token`),
  KEY `craft_tokens_expiryDate_idx` (`expiryDate`)
) ENGINE=InnoDB DEFAULT CHARSET=utf8 COLLATE=utf8_unicode_ci;

DROP TABLE IF EXISTS `craft_usergroups`;


--
-- Schema for table `craft_usergroups`
--
CREATE TABLE `craft_usergroups` (
  `id` int(11) NOT NULL AUTO_INCREMENT,
  `name` varchar(255) COLLATE utf8_unicode_ci NOT NULL,
  `handle` varchar(255) COLLATE utf8_unicode_ci NOT NULL,
  `dateCreated` datetime NOT NULL,
  `dateUpdated` datetime NOT NULL,
  `uid` char(36) COLLATE utf8_unicode_ci NOT NULL DEFAULT '0',
  PRIMARY KEY (`id`),
  UNIQUE KEY `craft_usergroups_name_unq_idx` (`name`),
  UNIQUE KEY `craft_usergroups_handle_unq_idx` (`handle`)
) ENGINE=InnoDB DEFAULT CHARSET=utf8 COLLATE=utf8_unicode_ci;

DROP TABLE IF EXISTS `craft_usergroups_users`;


--
-- Schema for table `craft_usergroups_users`
--
CREATE TABLE `craft_usergroups_users` (
  `id` int(11) NOT NULL AUTO_INCREMENT,
  `groupId` int(11) NOT NULL,
  `userId` int(11) NOT NULL,
  `dateCreated` datetime NOT NULL,
  `dateUpdated` datetime NOT NULL,
  `uid` char(36) COLLATE utf8_unicode_ci NOT NULL DEFAULT '0',
  PRIMARY KEY (`id`),
  UNIQUE KEY `craft_usergroups_users_groupId_userId_unq_idx` (`groupId`,`userId`),
  KEY `craft_usergroups_users_userId_fk` (`userId`)
) ENGINE=InnoDB DEFAULT CHARSET=utf8 COLLATE=utf8_unicode_ci;

DROP TABLE IF EXISTS `craft_userpermissions`;


--
-- Schema for table `craft_userpermissions`
--
CREATE TABLE `craft_userpermissions` (
  `id` int(11) NOT NULL AUTO_INCREMENT,
  `name` varchar(255) COLLATE utf8_unicode_ci NOT NULL,
  `dateCreated` datetime NOT NULL,
  `dateUpdated` datetime NOT NULL,
  `uid` char(36) COLLATE utf8_unicode_ci NOT NULL DEFAULT '0',
  PRIMARY KEY (`id`),
  UNIQUE KEY `craft_userpermissions_name_unq_idx` (`name`)
) ENGINE=InnoDB DEFAULT CHARSET=utf8 COLLATE=utf8_unicode_ci;

DROP TABLE IF EXISTS `craft_userpermissions_usergroups`;


--
-- Schema for table `craft_userpermissions_usergroups`
--
CREATE TABLE `craft_userpermissions_usergroups` (
  `id` int(11) NOT NULL AUTO_INCREMENT,
  `permissionId` int(11) NOT NULL,
  `groupId` int(11) NOT NULL,
  `dateCreated` datetime NOT NULL,
  `dateUpdated` datetime NOT NULL,
  `uid` char(36) COLLATE utf8_unicode_ci NOT NULL DEFAULT '0',
  PRIMARY KEY (`id`),
  UNIQUE KEY `craft_userpermissions_usergroups_permissionId_groupId_unq_idx` (`permissionId`,`groupId`),
  KEY `craft_userpermissions_usergroups_groupId_fk` (`groupId`)
) ENGINE=InnoDB DEFAULT CHARSET=utf8 COLLATE=utf8_unicode_ci;

DROP TABLE IF EXISTS `craft_userpermissions_users`;


--
-- Schema for table `craft_userpermissions_users`
--
CREATE TABLE `craft_userpermissions_users` (
  `id` int(11) NOT NULL AUTO_INCREMENT,
  `permissionId` int(11) NOT NULL,
  `userId` int(11) NOT NULL,
  `dateCreated` datetime NOT NULL,
  `dateUpdated` datetime NOT NULL,
  `uid` char(36) COLLATE utf8_unicode_ci NOT NULL DEFAULT '0',
  PRIMARY KEY (`id`),
  UNIQUE KEY `craft_userpermissions_users_permissionId_userId_unq_idx` (`permissionId`,`userId`),
  KEY `craft_userpermissions_users_userId_fk` (`userId`)
) ENGINE=InnoDB DEFAULT CHARSET=utf8 COLLATE=utf8_unicode_ci;

DROP TABLE IF EXISTS `craft_users`;


--
-- Schema for table `craft_users`
--
CREATE TABLE `craft_users` (
  `id` int(11) NOT NULL,
  `username` varchar(100) COLLATE utf8_unicode_ci NOT NULL,
  `photo` varchar(100) COLLATE utf8_unicode_ci DEFAULT NULL,
  `firstName` varchar(100) COLLATE utf8_unicode_ci DEFAULT NULL,
  `lastName` varchar(100) COLLATE utf8_unicode_ci DEFAULT NULL,
  `email` varchar(255) COLLATE utf8_unicode_ci NOT NULL,
  `password` char(255) COLLATE utf8_unicode_ci DEFAULT NULL,
  `preferredLocale` char(12) COLLATE utf8_unicode_ci DEFAULT NULL,
  `weekStartDay` tinyint(1) unsigned NOT NULL DEFAULT '0',
  `admin` tinyint(1) unsigned NOT NULL DEFAULT '0',
  `client` tinyint(1) unsigned NOT NULL DEFAULT '0',
  `locked` tinyint(1) unsigned NOT NULL DEFAULT '0',
  `suspended` tinyint(1) unsigned NOT NULL DEFAULT '0',
  `pending` tinyint(1) unsigned NOT NULL DEFAULT '0',
  `archived` tinyint(1) unsigned NOT NULL DEFAULT '0',
  `lastLoginDate` datetime DEFAULT NULL,
  `lastLoginAttemptIPAddress` varchar(45) COLLATE utf8_unicode_ci DEFAULT NULL,
  `invalidLoginWindowStart` datetime DEFAULT NULL,
  `invalidLoginCount` tinyint(4) unsigned DEFAULT NULL,
  `lastInvalidLoginDate` datetime DEFAULT NULL,
  `lockoutDate` datetime DEFAULT NULL,
  `verificationCode` char(100) COLLATE utf8_unicode_ci DEFAULT NULL,
  `verificationCodeIssuedDate` datetime DEFAULT NULL,
  `unverifiedEmail` varchar(255) COLLATE utf8_unicode_ci DEFAULT NULL,
  `passwordResetRequired` tinyint(1) unsigned NOT NULL DEFAULT '0',
  `lastPasswordChangeDate` datetime DEFAULT NULL,
  `dateCreated` datetime NOT NULL,
  `dateUpdated` datetime NOT NULL,
  `uid` char(36) COLLATE utf8_unicode_ci NOT NULL DEFAULT '0',
  PRIMARY KEY (`id`),
  UNIQUE KEY `craft_users_username_unq_idx` (`username`),
  UNIQUE KEY `craft_users_email_unq_idx` (`email`),
  KEY `craft_users_verificationCode_idx` (`verificationCode`),
  KEY `craft_users_uid_idx` (`uid`),
  KEY `craft_users_preferredLocale_fk` (`preferredLocale`)
) ENGINE=InnoDB DEFAULT CHARSET=utf8 COLLATE=utf8_unicode_ci;

--
-- Data for table `craft_users`
--

INSERT INTO `craft_users` (`id`, `username`, `photo`, `firstName`, `lastName`, `email`, `password`, `preferredLocale`, `weekStartDay`, `admin`, `client`, `locked`, `suspended`, `pending`, `archived`, `lastLoginDate`, `lastLoginAttemptIPAddress`, `invalidLoginWindowStart`, `invalidLoginCount`, `lastInvalidLoginDate`, `lockoutDate`, `verificationCode`, `verificationCodeIssuedDate`, `unverifiedEmail`, `passwordResetRequired`, `lastPasswordChangeDate`, `dateCreated`, `dateUpdated`, `uid`) VALUES
 ('1', 'Aviary', 'fav.png', 'The', 'Aviary', 'hi@graphicactivity.co.nz', '$2y$13$W40AVi2RI7mk1PE.kbvKD.9JHEMSSlZCLnl9Vn8RcjJml9sqjpLQe', NULL, '0', '1', '0', '0', '0', '0', '0', '2017-11-21 16:58:10', '163.47.106.116', NULL, NULL, NULL, NULL, NULL, NULL, NULL, '0', '2017-11-18 04:20:21', '2017-11-18 04:20:21', '2017-11-21 16:58:10', '56782555-42f8-4a6c-bd7a-01088a32b0cd');



DROP TABLE IF EXISTS `craft_widgets`;


--
-- Schema for table `craft_widgets`
--
CREATE TABLE `craft_widgets` (
  `id` int(11) NOT NULL AUTO_INCREMENT,
  `userId` int(11) NOT NULL,
  `type` varchar(150) COLLATE utf8_unicode_ci NOT NULL,
  `sortOrder` smallint(6) unsigned DEFAULT NULL,
  `colspan` tinyint(4) unsigned DEFAULT NULL,
  `settings` text COLLATE utf8_unicode_ci,
  `enabled` tinyint(1) unsigned NOT NULL DEFAULT '1',
  `dateCreated` datetime NOT NULL,
  `dateUpdated` datetime NOT NULL,
  `uid` char(36) COLLATE utf8_unicode_ci NOT NULL DEFAULT '0',
  PRIMARY KEY (`id`),
  KEY `craft_widgets_userId_fk` (`userId`)
) ENGINE=InnoDB AUTO_INCREMENT=5 DEFAULT CHARSET=utf8 COLLATE=utf8_unicode_ci;

--
-- Data for table `craft_widgets`
--

INSERT INTO `craft_widgets` (`id`, `userId`, `type`, `sortOrder`, `colspan`, `settings`, `enabled`, `dateCreated`, `dateUpdated`, `uid`) VALUES
 ('1', '1', 'RecentEntries', '1', '2', NULL, '1', '2017-11-18 04:20:37', '2017-11-18 04:23:15', '168cbde0-23ad-4e91-ab07-9a4d474f72ec'),
 ('2', '1', 'GetHelp', '2', NULL, NULL, '0', '2017-11-18 04:20:37', '2017-11-18 04:23:11', '720e70f0-86bb-424c-9b7b-f5dbdc3d7c2a'),
 ('3', '1', 'Updates', '3', NULL, NULL, '0', '2017-11-18 04:20:37', '2017-11-18 04:23:14', 'e23ff9cb-4e83-4213-bd7a-4ddff01dd1f7'),
 ('4', '1', 'Feed', '4', NULL, '{\"url\":\"https:\\/\\/craftcms.com\\/news.rss\",\"title\":\"Craft News\"}', '0', '2017-11-18 04:20:37', '2017-11-18 04:23:10', '34b80b81-2995-414f-8a9b-b9e1d941683c');


--
-- Constraints for tables
--


--
-- Constraints for table `craft_assetfiles`
--
ALTER TABLE `craft_assetfiles`
	ADD CONSTRAINT `craft_assetfiles_folderId_fk` FOREIGN KEY (`folderId`) REFERENCES `craft_assetfolders` (`id`) ON DELETE CASCADE,
	ADD CONSTRAINT `craft_assetfiles_id_fk` FOREIGN KEY (`id`) REFERENCES `craft_elements` (`id`) ON DELETE CASCADE,
	ADD CONSTRAINT `craft_assetfiles_sourceId_fk` FOREIGN KEY (`sourceId`) REFERENCES `craft_assetsources` (`id`) ON DELETE CASCADE;

--
-- Constraints for table `craft_assetfolders`
--
ALTER TABLE `craft_assetfolders`
	ADD CONSTRAINT `craft_assetfolders_parentId_fk` FOREIGN KEY (`parentId`) REFERENCES `craft_assetfolders` (`id`) ON DELETE CASCADE,
	ADD CONSTRAINT `craft_assetfolders_sourceId_fk` FOREIGN KEY (`sourceId`) REFERENCES `craft_assetsources` (`id`) ON DELETE CASCADE;

--
-- Constraints for table `craft_assetindexdata`
--
ALTER TABLE `craft_assetindexdata`
	ADD CONSTRAINT `craft_assetindexdata_sourceId_fk` FOREIGN KEY (`sourceId`) REFERENCES `craft_assetsources` (`id`) ON DELETE CASCADE;

--
-- Constraints for table `craft_assetsources`
--
ALTER TABLE `craft_assetsources`
	ADD CONSTRAINT `craft_assetsources_fieldLayoutId_fk` FOREIGN KEY (`fieldLayoutId`) REFERENCES `craft_fieldlayouts` (`id`) ON DELETE SET NULL;

--
-- Constraints for table `craft_categories`
--
ALTER TABLE `craft_categories`
	ADD CONSTRAINT `craft_categories_groupId_fk` FOREIGN KEY (`groupId`) REFERENCES `craft_categorygroups` (`id`) ON DELETE CASCADE,
	ADD CONSTRAINT `craft_categories_id_fk` FOREIGN KEY (`id`) REFERENCES `craft_elements` (`id`) ON DELETE CASCADE;

--
-- Constraints for table `craft_categorygroups`
--
ALTER TABLE `craft_categorygroups`
	ADD CONSTRAINT `craft_categorygroups_fieldLayoutId_fk` FOREIGN KEY (`fieldLayoutId`) REFERENCES `craft_fieldlayouts` (`id`) ON DELETE SET NULL,
	ADD CONSTRAINT `craft_categorygroups_structureId_fk` FOREIGN KEY (`structureId`) REFERENCES `craft_structures` (`id`) ON DELETE CASCADE;

--
-- Constraints for table `craft_categorygroups_i18n`
--
ALTER TABLE `craft_categorygroups_i18n`
	ADD CONSTRAINT `craft_categorygroups_i18n_groupId_fk` FOREIGN KEY (`groupId`) REFERENCES `craft_categorygroups` (`id`) ON DELETE CASCADE,
	ADD CONSTRAINT `craft_categorygroups_i18n_locale_fk` FOREIGN KEY (`locale`) REFERENCES `craft_locales` (`locale`) ON DELETE CASCADE ON UPDATE CASCADE;

--
-- Constraints for table `craft_content`
--
ALTER TABLE `craft_content`
	ADD CONSTRAINT `craft_content_elementId_fk` FOREIGN KEY (`elementId`) REFERENCES `craft_elements` (`id`) ON DELETE CASCADE,
	ADD CONSTRAINT `craft_content_locale_fk` FOREIGN KEY (`locale`) REFERENCES `craft_locales` (`locale`) ON DELETE CASCADE ON UPDATE CASCADE;

--
-- Constraints for table `craft_elements_i18n`
--
ALTER TABLE `craft_elements_i18n`
	ADD CONSTRAINT `craft_elements_i18n_elementId_fk` FOREIGN KEY (`elementId`) REFERENCES `craft_elements` (`id`) ON DELETE CASCADE,
	ADD CONSTRAINT `craft_elements_i18n_locale_fk` FOREIGN KEY (`locale`) REFERENCES `craft_locales` (`locale`) ON DELETE CASCADE ON UPDATE CASCADE;

--
-- Constraints for table `craft_emailmessages`
--
ALTER TABLE `craft_emailmessages`
	ADD CONSTRAINT `craft_emailmessages_locale_fk` FOREIGN KEY (`locale`) REFERENCES `craft_locales` (`locale`) ON DELETE CASCADE ON UPDATE CASCADE;

--
-- Constraints for table `craft_entries`
--
ALTER TABLE `craft_entries`
	ADD CONSTRAINT `craft_entries_authorId_fk` FOREIGN KEY (`authorId`) REFERENCES `craft_users` (`id`) ON DELETE CASCADE,
	ADD CONSTRAINT `craft_entries_id_fk` FOREIGN KEY (`id`) REFERENCES `craft_elements` (`id`) ON DELETE CASCADE,
	ADD CONSTRAINT `craft_entries_sectionId_fk` FOREIGN KEY (`sectionId`) REFERENCES `craft_sections` (`id`) ON DELETE CASCADE,
	ADD CONSTRAINT `craft_entries_typeId_fk` FOREIGN KEY (`typeId`) REFERENCES `craft_entrytypes` (`id`) ON DELETE CASCADE;

--
-- Constraints for table `craft_entrydrafts`
--
ALTER TABLE `craft_entrydrafts`
	ADD CONSTRAINT `craft_entrydrafts_creatorId_fk` FOREIGN KEY (`creatorId`) REFERENCES `craft_users` (`id`) ON DELETE CASCADE,
	ADD CONSTRAINT `craft_entrydrafts_entryId_fk` FOREIGN KEY (`entryId`) REFERENCES `craft_entries` (`id`) ON DELETE CASCADE,
	ADD CONSTRAINT `craft_entrydrafts_locale_fk` FOREIGN KEY (`locale`) REFERENCES `craft_locales` (`locale`) ON DELETE CASCADE ON UPDATE CASCADE,
	ADD CONSTRAINT `craft_entrydrafts_sectionId_fk` FOREIGN KEY (`sectionId`) REFERENCES `craft_sections` (`id`) ON DELETE CASCADE;

--
-- Constraints for table `craft_entrytypes`
--
ALTER TABLE `craft_entrytypes`
	ADD CONSTRAINT `craft_entrytypes_fieldLayoutId_fk` FOREIGN KEY (`fieldLayoutId`) REFERENCES `craft_fieldlayouts` (`id`) ON DELETE SET NULL,
	ADD CONSTRAINT `craft_entrytypes_sectionId_fk` FOREIGN KEY (`sectionId`) REFERENCES `craft_sections` (`id`) ON DELETE CASCADE;

--
-- Constraints for table `craft_entryversions`
--
ALTER TABLE `craft_entryversions`
	ADD CONSTRAINT `craft_entryversions_creatorId_fk` FOREIGN KEY (`creatorId`) REFERENCES `craft_users` (`id`) ON DELETE SET NULL,
	ADD CONSTRAINT `craft_entryversions_entryId_fk` FOREIGN KEY (`entryId`) REFERENCES `craft_entries` (`id`) ON DELETE CASCADE,
	ADD CONSTRAINT `craft_entryversions_locale_fk` FOREIGN KEY (`locale`) REFERENCES `craft_locales` (`locale`) ON DELETE CASCADE ON UPDATE CASCADE,
	ADD CONSTRAINT `craft_entryversions_sectionId_fk` FOREIGN KEY (`sectionId`) REFERENCES `craft_sections` (`id`) ON DELETE CASCADE;

--
-- Constraints for table `craft_fieldlayoutfields`
--
ALTER TABLE `craft_fieldlayoutfields`
	ADD CONSTRAINT `craft_fieldlayoutfields_fieldId_fk` FOREIGN KEY (`fieldId`) REFERENCES `craft_fields` (`id`) ON DELETE CASCADE,
	ADD CONSTRAINT `craft_fieldlayoutfields_layoutId_fk` FOREIGN KEY (`layoutId`) REFERENCES `craft_fieldlayouts` (`id`) ON DELETE CASCADE,
	ADD CONSTRAINT `craft_fieldlayoutfields_tabId_fk` FOREIGN KEY (`tabId`) REFERENCES `craft_fieldlayouttabs` (`id`) ON DELETE CASCADE;

--
-- Constraints for table `craft_fieldlayouttabs`
--
ALTER TABLE `craft_fieldlayouttabs`
	ADD CONSTRAINT `craft_fieldlayouttabs_layoutId_fk` FOREIGN KEY (`layoutId`) REFERENCES `craft_fieldlayouts` (`id`) ON DELETE CASCADE;

--
-- Constraints for table `craft_fields`
--
ALTER TABLE `craft_fields`
	ADD CONSTRAINT `craft_fields_groupId_fk` FOREIGN KEY (`groupId`) REFERENCES `craft_fieldgroups` (`id`) ON DELETE CASCADE;

--
-- Constraints for table `craft_globalsets`
--
ALTER TABLE `craft_globalsets`
	ADD CONSTRAINT `craft_globalsets_fieldLayoutId_fk` FOREIGN KEY (`fieldLayoutId`) REFERENCES `craft_fieldlayouts` (`id`) ON DELETE SET NULL,
	ADD CONSTRAINT `craft_globalsets_id_fk` FOREIGN KEY (`id`) REFERENCES `craft_elements` (`id`) ON DELETE CASCADE;

--
-- Constraints for table `craft_matrixblocks`
--
ALTER TABLE `craft_matrixblocks`
	ADD CONSTRAINT `craft_matrixblocks_fieldId_fk` FOREIGN KEY (`fieldId`) REFERENCES `craft_fields` (`id`) ON DELETE CASCADE,
	ADD CONSTRAINT `craft_matrixblocks_id_fk` FOREIGN KEY (`id`) REFERENCES `craft_elements` (`id`) ON DELETE CASCADE,
	ADD CONSTRAINT `craft_matrixblocks_ownerId_fk` FOREIGN KEY (`ownerId`) REFERENCES `craft_elements` (`id`) ON DELETE CASCADE,
	ADD CONSTRAINT `craft_matrixblocks_ownerLocale_fk` FOREIGN KEY (`ownerLocale`) REFERENCES `craft_locales` (`locale`) ON DELETE CASCADE ON UPDATE CASCADE,
	ADD CONSTRAINT `craft_matrixblocks_typeId_fk` FOREIGN KEY (`typeId`) REFERENCES `craft_matrixblocktypes` (`id`) ON DELETE CASCADE;

--
-- Constraints for table `craft_matrixblocktypes`
--
ALTER TABLE `craft_matrixblocktypes`
	ADD CONSTRAINT `craft_matrixblocktypes_fieldId_fk` FOREIGN KEY (`fieldId`) REFERENCES `craft_fields` (`id`) ON DELETE CASCADE,
	ADD CONSTRAINT `craft_matrixblocktypes_fieldLayoutId_fk` FOREIGN KEY (`fieldLayoutId`) REFERENCES `craft_fieldlayouts` (`id`) ON DELETE SET NULL;

--
-- Constraints for table `craft_matrixcontent_desks`
--
ALTER TABLE `craft_matrixcontent_desks`
	ADD CONSTRAINT `craft_matrixcontent_desks_elementId_fk` FOREIGN KEY (`elementId`) REFERENCES `craft_elements` (`id`) ON DELETE CASCADE,
	ADD CONSTRAINT `craft_matrixcontent_desks_locale_fk` FOREIGN KEY (`locale`) REFERENCES `craft_locales` (`locale`) ON DELETE CASCADE ON UPDATE CASCADE;

--
-- Constraints for table `craft_matrixcontent_occupants`
--
ALTER TABLE `craft_matrixcontent_occupants`
	ADD CONSTRAINT `craft_matrixcontent_occupants_elementId_fk` FOREIGN KEY (`elementId`) REFERENCES `craft_elements` (`id`) ON DELETE CASCADE,
	ADD CONSTRAINT `craft_matrixcontent_occupants_locale_fk` FOREIGN KEY (`locale`) REFERENCES `craft_locales` (`locale`) ON DELETE CASCADE ON UPDATE CASCADE;

--
-- Constraints for table `craft_migrations`
--
ALTER TABLE `craft_migrations`
	ADD CONSTRAINT `craft_migrations_pluginId_fk` FOREIGN KEY (`pluginId`) REFERENCES `craft_plugins` (`id`) ON DELETE CASCADE;

--
-- Constraints for table `craft_relations`
--
ALTER TABLE `craft_relations`
	ADD CONSTRAINT `craft_relations_fieldId_fk` FOREIGN KEY (`fieldId`) REFERENCES `craft_fields` (`id`) ON DELETE CASCADE,
	ADD CONSTRAINT `craft_relations_sourceId_fk` FOREIGN KEY (`sourceId`) REFERENCES `craft_elements` (`id`) ON DELETE CASCADE,
	ADD CONSTRAINT `craft_relations_sourceLocale_fk` FOREIGN KEY (`sourceLocale`) REFERENCES `craft_locales` (`locale`) ON DELETE CASCADE ON UPDATE CASCADE,
	ADD CONSTRAINT `craft_relations_targetId_fk` FOREIGN KEY (`targetId`) REFERENCES `craft_elements` (`id`) ON DELETE CASCADE;

--
-- Constraints for table `craft_routes`
--
ALTER TABLE `craft_routes`
	ADD CONSTRAINT `craft_routes_locale_fk` FOREIGN KEY (`locale`) REFERENCES `craft_locales` (`locale`) ON DELETE CASCADE ON UPDATE CASCADE;

--
-- Constraints for table `craft_sections`
--
ALTER TABLE `craft_sections`
	ADD CONSTRAINT `craft_sections_structureId_fk` FOREIGN KEY (`structureId`) REFERENCES `craft_structures` (`id`) ON DELETE SET NULL;

--
-- Constraints for table `craft_sections_i18n`
--
ALTER TABLE `craft_sections_i18n`
	ADD CONSTRAINT `craft_sections_i18n_locale_fk` FOREIGN KEY (`locale`) REFERENCES `craft_locales` (`locale`) ON DELETE CASCADE ON UPDATE CASCADE,
	ADD CONSTRAINT `craft_sections_i18n_sectionId_fk` FOREIGN KEY (`sectionId`) REFERENCES `craft_sections` (`id`) ON DELETE CASCADE;

--
-- Constraints for table `craft_seomatic_meta`
--
ALTER TABLE `craft_seomatic_meta`
	ADD CONSTRAINT `craft_seomatic_meta_id_fk` FOREIGN KEY (`id`) REFERENCES `craft_elements` (`id`) ON DELETE CASCADE,
	ADD CONSTRAINT `craft_seomatic_meta_seoFacebookImageId_fk` FOREIGN KEY (`seoFacebookImageId`) REFERENCES `craft_assetfiles` (`id`) ON DELETE SET NULL,
	ADD CONSTRAINT `craft_seomatic_meta_seoImageId_fk` FOREIGN KEY (`seoImageId`) REFERENCES `craft_assetfiles` (`id`) ON DELETE SET NULL,
	ADD CONSTRAINT `craft_seomatic_meta_seoTwitterImageId_fk` FOREIGN KEY (`seoTwitterImageId`) REFERENCES `craft_assetfiles` (`id`) ON DELETE SET NULL;

--
-- Constraints for table `craft_seomatic_settings`
--
ALTER TABLE `craft_seomatic_settings`
	ADD CONSTRAINT `craft_seomatic_settings_genericCreatorImageId_fk` FOREIGN KEY (`genericCreatorImageId`) REFERENCES `craft_assetfiles` (`id`) ON DELETE SET NULL,
	ADD CONSTRAINT `craft_seomatic_settings_genericOwnerImageId_fk` FOREIGN KEY (`genericOwnerImageId`) REFERENCES `craft_assetfiles` (`id`) ON DELETE SET NULL,
	ADD CONSTRAINT `craft_seomatic_settings_siteSeoFacebookImageId_fk` FOREIGN KEY (`siteSeoFacebookImageId`) REFERENCES `craft_assetfiles` (`id`) ON DELETE SET NULL,
	ADD CONSTRAINT `craft_seomatic_settings_siteSeoImageId_fk` FOREIGN KEY (`siteSeoImageId`) REFERENCES `craft_assetfiles` (`id`) ON DELETE SET NULL,
	ADD CONSTRAINT `craft_seomatic_settings_siteSeoTwitterImageId_fk` FOREIGN KEY (`siteSeoTwitterImageId`) REFERENCES `craft_assetfiles` (`id`) ON DELETE SET NULL;

--
-- Constraints for table `craft_sessions`
--
ALTER TABLE `craft_sessions`
	ADD CONSTRAINT `craft_sessions_userId_fk` FOREIGN KEY (`userId`) REFERENCES `craft_users` (`id`) ON DELETE CASCADE;

--
-- Constraints for table `craft_shunnedmessages`
--
ALTER TABLE `craft_shunnedmessages`
	ADD CONSTRAINT `craft_shunnedmessages_userId_fk` FOREIGN KEY (`userId`) REFERENCES `craft_users` (`id`) ON DELETE CASCADE;

--
-- Constraints for table `craft_structureelements`
--
ALTER TABLE `craft_structureelements`
	ADD CONSTRAINT `craft_structureelements_elementId_fk` FOREIGN KEY (`elementId`) REFERENCES `craft_elements` (`id`) ON DELETE CASCADE,
	ADD CONSTRAINT `craft_structureelements_structureId_fk` FOREIGN KEY (`structureId`) REFERENCES `craft_structures` (`id`) ON DELETE CASCADE;

--
-- Constraints for table `craft_taggroups`
--
ALTER TABLE `craft_taggroups`
	ADD CONSTRAINT `craft_taggroups_fieldLayoutId_fk` FOREIGN KEY (`fieldLayoutId`) REFERENCES `craft_fieldlayouts` (`id`) ON DELETE SET NULL;

--
-- Constraints for table `craft_tags`
--
ALTER TABLE `craft_tags`
	ADD CONSTRAINT `craft_tags_groupId_fk` FOREIGN KEY (`groupId`) REFERENCES `craft_taggroups` (`id`) ON DELETE CASCADE,
	ADD CONSTRAINT `craft_tags_id_fk` FOREIGN KEY (`id`) REFERENCES `craft_elements` (`id`) ON DELETE CASCADE;

--
-- Constraints for table `craft_templatecachecriteria`
--
ALTER TABLE `craft_templatecachecriteria`
	ADD CONSTRAINT `craft_templatecachecriteria_cacheId_fk` FOREIGN KEY (`cacheId`) REFERENCES `craft_templatecaches` (`id`) ON DELETE CASCADE;

--
-- Constraints for table `craft_templatecacheelements`
--
ALTER TABLE `craft_templatecacheelements`
	ADD CONSTRAINT `craft_templatecacheelements_cacheId_fk` FOREIGN KEY (`cacheId`) REFERENCES `craft_templatecaches` (`id`) ON DELETE CASCADE,
	ADD CONSTRAINT `craft_templatecacheelements_elementId_fk` FOREIGN KEY (`elementId`) REFERENCES `craft_elements` (`id`) ON DELETE CASCADE;

--
-- Constraints for table `craft_templatecaches`
--
ALTER TABLE `craft_templatecaches`
	ADD CONSTRAINT `craft_templatecaches_locale_fk` FOREIGN KEY (`locale`) REFERENCES `craft_locales` (`locale`) ON DELETE CASCADE ON UPDATE CASCADE;

--
-- Constraints for table `craft_usergroups_users`
--
ALTER TABLE `craft_usergroups_users`
	ADD CONSTRAINT `craft_usergroups_users_groupId_fk` FOREIGN KEY (`groupId`) REFERENCES `craft_usergroups` (`id`) ON DELETE CASCADE,
	ADD CONSTRAINT `craft_usergroups_users_userId_fk` FOREIGN KEY (`userId`) REFERENCES `craft_users` (`id`) ON DELETE CASCADE;

--
-- Constraints for table `craft_userpermissions_usergroups`
--
ALTER TABLE `craft_userpermissions_usergroups`
	ADD CONSTRAINT `craft_userpermissions_usergroups_groupId_fk` FOREIGN KEY (`groupId`) REFERENCES `craft_usergroups` (`id`) ON DELETE CASCADE,
	ADD CONSTRAINT `craft_userpermissions_usergroups_permissionId_fk` FOREIGN KEY (`permissionId`) REFERENCES `craft_userpermissions` (`id`) ON DELETE CASCADE;

--
-- Constraints for table `craft_userpermissions_users`
--
ALTER TABLE `craft_userpermissions_users`
	ADD CONSTRAINT `craft_userpermissions_users_permissionId_fk` FOREIGN KEY (`permissionId`) REFERENCES `craft_userpermissions` (`id`) ON DELETE CASCADE,
	ADD CONSTRAINT `craft_userpermissions_users_userId_fk` FOREIGN KEY (`userId`) REFERENCES `craft_users` (`id`) ON DELETE CASCADE;

--
-- Constraints for table `craft_users`
--
ALTER TABLE `craft_users`
	ADD CONSTRAINT `craft_users_id_fk` FOREIGN KEY (`id`) REFERENCES `craft_elements` (`id`) ON DELETE CASCADE,
	ADD CONSTRAINT `craft_users_preferredLocale_fk` FOREIGN KEY (`preferredLocale`) REFERENCES `craft_locales` (`locale`) ON DELETE SET NULL ON UPDATE CASCADE;

--
-- Constraints for table `craft_widgets`
--
ALTER TABLE `craft_widgets`
	ADD CONSTRAINT `craft_widgets_userId_fk` FOREIGN KEY (`userId`) REFERENCES `craft_users` (`id`) ON DELETE CASCADE;

SET FOREIGN_KEY_CHECKS = 1;
